,title,title_label,description,description_label
0,오석규 경기도의원 경기도자비엔날레 격년제 내부 문제로 개최 연도 ,0,이 자리에서 오 의원은 경기도자비엔날레는 년부터 격년 주기로 개최해 왔고 심지어 코로나 시기에도 진행됐으나 지난 년 개최 이후 년 미개최 년에 개최된 이유 를 질문했다 최문환 한국도자재단 대표이사는 ,0
1,애경그룹 지주사 대표이사에 고준 플라자 대표 선임,1,이후 코로나 사태로 어려움을 겪던 년 플라자 대표이사로 자리를 옮겨 위기 극복을 위한 초석을 마련했다 플라자 대표이사 자리는 이강용 플라자 상품본부장이 상무로 승진해 맡는다 이강용 신임 ,0
2,하동군 청소년 문화교류단 자매도시 중국 호남성 장자제시 교류 방문,0,군 관계자는 코로나 로 중단된 교류를 다시 이어나가게 돼서 기쁘다 며 이번 교류를 통해 청소년들이 다양한 문화를 경험하고 세계관을 넓힐 수 있길 바란다 라고 밝혔다 장자제시의 민족중학교 문화교류단은 내년 ,0
3,육림고개 주말 천 명 방문 시절 아 옛날이여 ,1, 송예린 본인 한때 춘천의 경리단길 로 불렸던 춘천 원도심 상권 중 하나인 육림고개 골목은 코로나 코로나 전이기도 하고 시에서 신경 써줘서 청년들이 많이 와서 오픈하고 그랬어요 처음엔 잘 됐는데 뒤에 무슨 ,0
4, 이노엔 타미플루 국내 유통 계약 체결,0, 코로나 팬데믹으로 발병률이 잠시 감소했으나 엔데믹 이후 년 넘게 독감 유행이 지속되면서 독감치료제 시장은 점차 성장하는 추세다 곽달원 이노엔 대표는 지난해 인플루엔자 치료제 조플루자 의 유통 및 ,0
5,안양 향토기업 노루페인트 소외이웃에 배추 기부,1, 코로나 시기에는 쌀도 기부했다 노루페인트 관계자는 배춧값 폭등에 김장을 포기하는 안양 가구가 늘어난다는 소식을 들어 이번 나눔을 기획했다 며 상생문화가 지역사회로 확산하도록 노력하겠다 고 말했다 ,0
6,안산시 이민근 시장 중국 옌타이시 대표단 접견 우호 협력 논의,1,양 도시 간의 이번 대면 만남은 코로나 펜데믹 이후 처음으로 이루어졌다 앞서 지난 년부터 총 일곱 차례의 청소년 국제문화교류사업을 추진 양 도시 청소년들의 글로벌 비전 향상을 위한 현지 청소년 교류 및 역사 ,0
7,애경그룹 홀딩스 대표이사에 고준 플라자 대표 선임,1,그는 지난 년 월 코로나 팬데믹 영향으로 어려움에 부닥쳐 있던 플라자 대표이사로 옮겨 홍대점의 변화를 이끌었다는 평가를 받는다 플라자 대표이사에는 이강용 플라자 상품본부장이 신규로 ,0
8,내수 부진 장기화에 판매직 종사자 만 명 감소,0, 코로나 유행 당시 수준으로 회귀한 것인데 특히 청년층에 집중돼 또 다른 고민을 낳고 있다 일 통계청 국가통계포털에 따르면 올해 월 월평균 판매종사자는 만 명으로 전년 동기 대비 만 명 ,0
9, 세계 제조업 보조금 년 새 배 증가 직접 지원 필요 ,1, 코로나 전후 년을 비교해보면 코로나 이전 년간 억달러에서 이후 년간 조 억달러로 배 증가했다 제조업 보조금을 가 분류한 세부 유형별로 분석한 결과 지난 년간 정부대출 이 억달러 ,0
10, 경영지원 대표에 허민회 내정 연말인사 임박,1, 코로나 여파로 가 경영난을 맞자 허 대표는 년 월 대표로 투입 영화관 체질 개선에 나섰다 그룹의 이번 정기 임원 인사는 소폭일 것으로 전망된다 작년에는 실적 부진 속에 해를 넘겨 올해 ,0
11,재개발 재건축사업 기회인가 위기인가 ,0,그리고 코로나 이후부터 지금까지의 수도권 아파트 공급상황과 건설경기 악화 상황을 보면 수년 후 또다시 공급 부족에 따른 아파트 가격 폭등이 올 수 있다는 예측이 공공연히 거론된다 그렇다면 이러한 시기에 재개발 ,0
12,양산시 겨울철 독감 코로나 예방접종 집중 홍보,0, 코로나 예방접종의 경우 대상자의 범위가 기존 세 이상 어르신 면역저하자 감염취약시설 입원 이며 코로나 예방접종은 어르신 명 이 접종을 완료했으나 평년 대비 높은 기온 여파로 독감 ,0
13,소아청소년병원 입원환자 가 감염환자,0,소아청소년병원 입원환자 명 중 명이 마이코플라즈마 폐렴 코로나 아데노바이러스 등 소아감염질환 최용재 소아청소년병원협회 회장 의정부튼튼어린이병원장 은 코로나 이전에는 입원실 감염환자와 ,0
14, 그룹 임원 인사 임박 허민회 지주사 대표 내정,1, 코로나 여파로 가 경영난에 처하자 허 대표는 년 월 대표이사로 투입돼 영화관 체질 개선에 나섰다 한편 이날 그룹 정기 임원 인사는 소폭일 것으로 예상된다 ,0
15,한국 항생제 오남용 경보 항생제 부적절 처방 약 ,1,항생제 내성의 심각성은 코로나 이후 부각됐다 세계보건기구 는 지난 월 코로나 입원환자 중 항생제가 필요했던 환자는 였지만 환자의 가 항생제를 처방받았다고 보고했다 는 코로나 이후 항생제 ,0
16,경남 최고 알짜 항로 매물도행 여객선 또 운항 중단 왜 ,1, 코로나 팬데믹 후유증을 좀처럼 벗어나지 못하고 있다 설상가상 수지 개선을 위한 고육책조차 허가청 하지만 코로나 사태를 비껴가진 못했다 년 한해 만여 명에 달했던 수송인원은 코로나 가 창궐한 년 ,0
17, 코로나 후유증 만성피로 보중익기탕 치료효과 확인,0,보중익기탕이 코로나 후유증 개선에 효과가 탁월하다는 연국결과가 나왔다 한국한의학연구원 이하 만성 코로나 증후군을 완화하는 학약재를 개발했다고 일 밝혔다 이번 연구는 만성 코로나 증후군으로 ,0
18, 김대호의 경제읽기 한국 원화 가치 주가 큰 폭 하락 약세 원인은 ,0, 질문 이런 가운데 판매직 고용 상황이 코로나 수준으로 나빠진 걸로 나타났습니다 지난달까지 월평균 판매 종사자 수가 만 천 명으로 지난해 같은 기간보다 만 명 줄어들었는데 내수 부진 여파일까요 질문 ,0
19, 코로나 이후 최다 관람객 게임 축제 지스타 성료,0, 가 코로나 이후 역대 최다 관람객을 기록하며 성황리에 막을 내렸다 일 지스타조직위원회에 따르면 지스타 가 열린 나흘간 약 만 명의 방문객이 지스타 현장을 찾은 것으로 나타났다 지스타조직위원회는 ,0
20,나리타 공항에서 바라본 경제 엔화 약세에 인바운드 관광객 늘어 ,0,수는 코로나 가 발생하기 전인 년의 천 만 명을 넘어설 것이 거의 확실시된다 며 일각에서는 천 만 타무라 사장은 인바운드 관광의 반대편에는 엔화 약세가 역풍으로 작용하고 있다 며 또한 코로나 ,0
21,팬데믹 수준 고용 악화 내수 부진에 판매직 만 급감,0, 코로나 가 유행한 년과 비슷한 감소 폭으로 내수 부진 영향으로 해석된다 일 통계청의 올해보다 감소 폭이 컸던 해는 코로나 가 유행한 년 만 천명 과 년 만 천명 뿐이다 코로나 유행이 ,0
22, 금융의 호랑이 이영종 신한라이프생명보험 편 영업수익 꾸준히 성장 ,1,지급여력비율의 산정 기준이 변경되고 코로나 부터 지속되던 금리 인상기조가 미국의 기준금리 하락 전환으로 끝남에 따라 한국도 금리를 인하하며 보험사의 이익에 어떠한 영향을 미칠지에 관심이 쏠리고 있다 ,0
23, 바다거북이만 걱정일까,0,최근 자료를 찾아보니 코로나 팬데믹 이후 플라스틱 소비가 더 늘어 년 기준 인당 이라고 한다 세상이 더 나아질 것이라는 기대는 어쩌면 순진했다 예기치 않은 코로나 팬데믹이 발생했고 플라스틱 문제 ,0
24,판매직 고용 뚝 청년층 직격탄 정부 고용목표 달성 적신호 ,0,고용이 코로나 팬데믹 기간 수준으로 악화된 것으로 나타났다 특히 올해 판매직 고용은 전년보다 약 이는 차 표준직업분류 기준이 적용된 년 이후 월 기준 번째로 큰 감소 폭이며 코로나 가 ,0
25, 진단 금융공기업 예금보험공사 안전한 금융의 파수꾼인가 문제 많은 ,1, 코로나 의 영향을 고려하더라도 최근 연도의 활동 횟수는 여전히 매우 낮은 수준이다 기부 금액도 지속적으로 감소 추세를 보이고 있다 년 약 억원이었던 기부 금액이 년에는 약 억원으로 줄어들었다 ,0
26,나무기술 정철 대표 중소기업 기술 경영 혁신대전서 장관 표창 수 ,1,특히 질병관리청의 코로나 확진자 데이터 분석 시스템 구축을 통해 공공 부문의 데이터 관리 기반을 마련하는 데 중요한 역할을 했다 또한 메타클라우드 기술을 적용한 스페로 는 멀티 및 하이브리드 ,0
27, 분기 연속 적자 롯데면세점 명 인력 감축,1,롯데면세점은 코로나 대유행 기간에 직격탄을 맞으면서 비용 절감을 위한 인원 감축에 들어갔다 롯데면세점이 불황을 겪는 이유는 코로나 대유행에 줄어든 면세 고객 수가 회복되지 않아서다 ,0
28,삼성 넘어선 하이닉스 굳건해지는 반도체 각 동맹 ,1, 코로나 펜데믹 이후 반도체 수요 회복이 지연되면서 메모리 가격 역시 하락세로 돌아섰지만 하이닉스의 경우 메모리 반도체 업황 둔화에도 불구 연구를 위한 인력 확보 및 투자를 아끼지 않았던 것으로 ,0
29,모바일 강국 변한다 게임산업 미래 엿본 지스타 ,0, 코로나 이후 지독한 침체기를 겪은 게임사들은 서구권 진출을 위해 콘솔 게임에서 새 돌파구를 마련하는 모습이었다 를 통한 게임 개발 흐름도 본격화하고 있었다 흥행 열쇠 로 불리는 지식재산권 활용을 둔 ,0
30, 김진화 칼럼 중소기업 대출이 부실뇌관 상생금융 축소하는 금융권,0,그마저도 코로나 소상공인 지원 대출을 제외하면 눈에 띄는 상품은 보증료의 를 지원하는 코로나 이후 일시적으로 어려움을 겪고 있는 중소기업 소상공인 차주를 외면하면 단기적으로 건전성을 개선할 수 ,0
31, 개월 만에야 내수회복 철회한 기획재정부 경기전망,0,않는 비경제활동 청년층이 크게 늘고 있는 것이다 지난 달 쉬었음 청년은 만 명으로 년 전보다 만 명 증가했다 월 기준으로 볼 때 코로나 위기였던 년 이후 년 만에 최대 규모다 성홍식 기자,0
32, 오늘의 인 모바일로 방한 외국인 체류 경험 개선할 것 ,0,이는 코로나 이전 대비 에 근접한 수준이다 정부는 올해 총 만명의 외국인 관광객 유치를 목표하고 게다가 년 이후부턴 외국인 관광객 급감과 시장 축소 등 코로나 팬데믹 위기도 견뎌내야 했다 장 대표는 ,0
33,지역책임의료기관 없는 중진료권 곳,0,지역 인구감소와 지방소멸이 진행되는 와중에 년 코로나 전담병원으로 지정되어 팬데믹 기간 년 동안 감염병에 대응하였다 이후 의료인력의 소진과 유출로 인해 지역 책임의료기관 기능을 수행하기에는 역량이 ,0
34,하동군 청소년 문화교류단 자매도시 중국 장자제시 방문,0,군 관계자는 코로나 로 중단된 교류를 다시 이어나가게 돼서 기쁘다 며 이번 교류를 통해 청소년들이 다양한 문화를 경험하고 세계관을 넓힐 수 있길 바란다 라고 말했다 한편 장자제시의 민족중학교 ,0
35,서학개미 규모 역대 최대,1,이는 코로나 팬데믹 이후로 해외 주식 투자가 급증한 데 이어 작년 하반기부터 본격화된 해외채권 투자 년엔 에 그쳤지만 코로나 팬데믹을 거치면서 년 년 년 순으로 커졌다 ,0
36, 과학을 읽다 손정의 젠슨황이 삼성에 주는 교훈,1, 코로나 사태의 와중에는 대규모로 투자한 위워크 우버의 추락으로 대규모 적자 사태에 시달렸다 위기를 해결하고자 시대에 엔비디아와 함께 반도체 분야의 핵심으로 부상한 을 매각하려고까지 했다 하지만 지금 ,0
37,안산시 찾은 옌타이산업기술연구원 대표단 인재교류 방점,1,중국 옌타이시 산업기술연구원 대표단이 코로나 펜데믹 이후 처음으로 경기 안산시를 방문 년간의 우호를 재확인했다 중국 산둥성 북동부에 위치한 옌타이시는 인구 약 만명의 항구도시다 앞서 년 월 ,0
38,이민근 안산시장 옌타이시 대표단 접견 과학기술 등 정책 협력,1,양 도시 간의 이번 대면 만남은 코로나 팬데믹 이후 처음으로 이루어졌다 앞서 양 도시는 년부터 총 차례의 청소년 국제문화교류사업을 추진 양 도시 청소년들의 글로벌 비전 향상을 위한 현지 청소년 교류 및 역사 ,0
39, 인터뷰 미망 김태양 감독 우연과 필연의 순간 들 ,1,기획했는데 코로나 팬데믹이 겹치면서 단편으로 공개하게 된 케이스다 독립영화이다 보니 한 번에 제작비를 마련하기 어려워 파트별로 구성하게 됐다 막과 막을 공개하면서 제작지원을 받자는 전략이었다 코로나 로 ,0
40,코엑스 푸드위크 노터치로 스마트하게 로봇이 요리 서빙 트렌드 공 ,0,푸드위크 사무국은 코로나 팬데믹을 기점으로 외식 소비 패턴이 달라진 점에 주목하며 향후 푸드테크가 터치 를 통한 편의성 확보의 측면과 노터치 를 통한 효율성 증대의 측면으로 발전할 것이라 ,0
41,한약으로 코로나 후유증 잡는다,1,만성 코로나 증후군에 대한 한약의 후유증 완화 효능을 확인했다고 일 밝혔다 이번 연구는 만성 코로나 증후군으로 인한 피로와 인지기능 저하에 대한 한약의 치료 효과와 안전성을 평가하는 데 중점을 뒀다 연구 ,0
42, 코로나 환자에 항생제 오남용 많아 내성 위험 커져,0,신종 코로나 바이러스 감염증 코로나 입원환자 중 항생제가 필요한 사례는 임에도 전체 환자의 가 항생제를 사용한 것으로 드러났다 일 질병관리청에 따르면 세계보건기구 는 지난 월 코로나 팬데믹의 ,0
43,지역 책임의료기관 부재 곳 필수의료 공백 우려,0,및 코로나 팬데믹 기간에 의료인력 소진 을 경험했고 이후 인력 유출이 재정 악화로 이어지는 점 공익적 목적 실현을 위해 지방공사의료원에서 지방의료원으로 전환했으나 여전히 독립채산제 원칙을 고수하며 ,0
44, 미국 없는 세상 향해 혼돈의 열차 출발한다,0,유럽은 코로나 의 긴 터널에서 여전히 빠져나오지 못한 상태다 유럽연합 개 회원국이 단일 대오를 형성해 하지만 코로나 대유행과 누적된 공급 과잉으로 년부터 중국 부동산 경기는 급격히 얼어붙었다 급격한 ,0
45,대원제약 펠루비 매출 비중 투자도 지속,0,진해거담제 제품은 코로나 팬데믹을 기점으로 매출이 배 이상 급등한 이후 상승세를 지속하는 중이다 진해거담제 매출은 년 억원에서 지난해 억원까지 늘어났다 올해 분기 누적 매출도 억원으로 ,0
46, 이노엔 한국로슈 인플루엔자 치료제 타미플루 국내 공급계약 체결,1, 코로나 팬데믹으로 발병률이 잠시 감소했으나 엔데믹 이후 년 넘게 독감 유행이 지속되면서 독감치료제 시장은 점차 성장하는 추세다 곽달원 이노엔 대표는 지난해 인플루엔자 치료제 조플루자 의 유통 및 ,0
47, 알바 대신 사장이 직접 뛴다 청년 판매직 고용 한파,0,안지혜 기자 판매직 일자리가 코로나 팬데믹 때 수준으로 다시 악화했다고요 기자 그렇습니다 통계청에 따르면 올 들어 월까지 평균 판매 종사자는 만 천 명으로 지난해 같은 기간보다 만 명 줄었습니다 ,0
48, 이노엔 타미플루 국내 유통 담당,0, 코로나 팬데믹으로 발병률이 잠시 감소했으나 엔데믹 이후 년 넘게 독감 유행이 지속되면서 독감치료제 시장은 점차 성장하는 추세다 곽달원 이노엔 대표는 지난해 인플루엔자 치료제 조플루자의 유통 및 ,0
49,의료농단 극복을 위한 성공적 개원 경영 전략 경기도의사회와 함께 ,1,경기도의사회 학술대회는 년부터 코로나 사태로 인해 실시간 온라인 방식으로 진행해 왔으며 년에는 여 명 년 월 제 차 학술대회에는 약 여 명의 회원이 참석하면서 성황리에 개최되었다 ,0
50,맨체스터 유나이티드 바이에른 뮌헨 트레블 여전히 노린다 분데 ,1,당시 고레츠카는 코로나 바이러스로 리그가 중단됐을 때 벌크업으로 근육을 키운 후 환골탈태했다 뮌헨에서 년을 뛴 고레츠카는 이번 시즌 주전 경쟁에서 밀려났다 그는 경기 골에 머물러 있다 출전 시간은 ,0
51,중국 첨단 스텔스 전투기 선보인 주하이 에어쇼 폐막,0,미국 보잉 유럽의 에어버스 등 개국 개 외국 기업이 에어쇼에 참석해 코로나 팬데믹이 여전했던 년보다 배 이상 늘었다 주하이 에어쇼는 전체 전시 면적이 만 로 이중 드론 전시장이 만 를 ,0
52, 이노엔 한국로슈와 타미플루 국내 공급계약,0, 코로나 팬데믹으로 발병률이 잠시 감소했으나 엔데믹 이후 년 넘게 독감 유행이 지속되면서 독감치료제 시장은 점차 성장하는 추세다 곽달원 이노엔 대표는 지난해 인플루엔자 치료제 조플루자 의 유통 및 ,0
53, 글로벌 게임 매출 년 뒤 조 규제로 위협받을 수도 ,1,채호형 삼일 파트너는 코로나 이후 다소 주춤하는 게임 업계의 최근 인수합병 사례를 공유했다 장용석 삼일 이사는 본사와 거래하는 해외 관계사가 독립적인 사업자일 경우와 단순 지원자일 경우로 ,0
54, 국장 망해도 미장으로 벌었다 폭락장에도 증권사들 웃는 이유,0,대형 증권사 한 관계자는 코로나 이전만 해도 증권사들은 해외주식 투자 사업에 대해 반신반의하는 분위기였지만 이제는 주요 수익원 한축이자 침체된 국내 증시 상황에서 집중해야 하는 비지니스모델 이라면서 ,0
55,전북대 주거환경학과 대한민국 주거복지문화 대상 수상,1,특히 코로나 로 운영에 어려움을 겪고 있던 삼례문화예술촌을 리뉴얼 하기 위해 진행된 프로젝트는 완주군의 의뢰로 진행된 것으로 전북대 주거환경학과는 이곳의 유휴공간을 지역 문화 활성화와 예술인의 주거안정을 ,0
56,최대 규모 성료한 지스타 글로벌 게임사 참여 숙제 남겨,0,하지만 이번 지스타에는 일간 실내외 부스에 약 만 천명이 방문한 것으로 파악되어 전년의 약 만 천명을 뛰어넘어 코로나 이후 최다 기록을 세웠다 두 개의 전시장으로 나뉘어 운영된 관에서는 직접 ,0
57, 이노엔 독감 치료제 타미플루 국내 공급 계약 체결,0, 코로나 팬데믹으로 발병률이 잠시 감소했으나 엔데믹 이후 년 넘게 독감 유행이 지속되면서 독감치료제 시장은 점차 성장하는 추세다 곽달원 이노엔 대표는 지난해 인플루엔자 치료제 조플루자 의 유통 및 ,0
58, 시론 우리를 살아남게 하는 것,1,차별과 혐오를 조장하는 우익이 극성한 가운데 한바탕 코로나 바이러스가 인류를 위협한 뒤로 사람들은 더욱 비관주의로 흘러가는 양상이다 인류는 특정 계층이 아닌 인류 전체의 절멸 가능성을 경험했다 기후위기의 ,0
59,건설 불황 속 승승장구 정몽진 회장 승부수 통했다 ,0,그 결과 년 코로나 이후 리오프닝에 따라 산업 전반에 걸쳐 실리콘 수요가 늘어나면서 창사 이래 최대 매출액과 영업이익을 기록했다 그러나 지난해 글로벌 경기 침체 영향으로 실리콘 가격이 하락하면서 ,0
60,내수침체 고용 한파 올 판매직 만명 줄었다,1,상황이 코로나 팬데믹 수준으로 다시 나빠진 것으로 나타났다 판매직에 대한 고용 한파가 청년층 코로나 가 한창이던 년 만 명 과 년 만 명 다음으로 많다 판매 종사자는 온라인 상거래 ,0
61, 항생제 필요할 때만 제대로 일반인 만 심각성 인식,0,세계보건기구 는 지난 월 코로나 입원환자 중 항생제가 필요한 사례는 임에도 환자의 가 항생제를 사용했다는 내용 등을 알리며 향후 항생제 내성의 위험이 더 커질 것에 대한 우려를 표했다 년에는 항생제 ,0
62,경기도의회 오석규 의원 경기도자비엔날레 격년제 내부 문제로 개최 ,0,오 의원은 경기도자비엔날레는 년부터 격년 주기로 개최해 왔고 심지어 코로나 시기에도 진행됐으나 년 개최 이후 년 미개최 년에 개최된 이유 를 질문했다 한국도자재단 최문환 대표이사는 당시 대표이사 ,0
63, 지스타 만 명 방문한 지스타 성공적 마무리 ,0, 코로나 이후 가장 많은 관람객이다 부스가 차려진 올해는 작년에 이어 역대 최대 규모며 확대된 규모만큼 다양한 참가사의 신작과 콘텐츠가 공개되며 지스타를 방문한 모두의 기대감을 불러일으켰다 벡스코 ,0
64, 푸드 신시장 필리핀을 가다 중독성 자랑하는 라면 고품질 파프리 ,1, 코로나 팬데믹 감염병 대유행 시기 집에 있는 시간이 늘며 시청 인구가 늘었고 한국 드라마가 필리핀 전역에서 인기를 끌었다 한류에 대한 관심은 이제 한식과 푸드로 향하고 있다 필리핀에서 년 ,0
65,정철 나무기술 대표 중소기업 기술 경영 혁신대전 장관 표창 수 ,1,특히 질병관리청의 코로나 확진자 데이터 분석 시스템 구축을 통해 공공 부문의 데이터 관리 기반을 마련하는 데 중요한 역할을 했다 또한 메타클라우드 기술을 적용한 스페로 는 멀티 하이브리드 클라우드를 ,0
66,벡스코에 만명 북적북적이더라니 불법 촬영 카메라 따라다녔다,0, 는 국내 최대 게임 전시회로 올해 회를 맞았다 주최측 추산으로 올해는 지난 일부터 나흘간 부산 벡스코에 총 만 여명이 다녀가 코로나 이후 최다 관람객을 동원했다 ,0
67,나무기술 중소기업 기술 경영 혁신대전 장관 표창,0,특히 질병관리청의 코로나 확진자 데이터 분석 시스템 구축에 중요한 역할을 하여 공공 부문의 데이터 관리 기반을 마련하는 데 기여했다 또한 나무기술은 스페로 라는 메타클라우드 기술을 적용한 ,0
68, 혁신상 특집 집에서 진료 끝 오티톤 메티컬 체온계 하나 ,0,이 제품은 김재영 대표가 코로나 로 인해 베트남에서 거주할 당시 의료 접근성의 한계를 경험하면서 필요성을 느꼈고 그 경험이 제품 개발의 동기가 되었다 또한 오티톤 메디컬은 일본 미국 실리콘밸리 등 다양한 ,0
69,내수부진 고용한파 판매직 만명 급감 늘어나는 감소폭,0,내수 부진이 길어지면서 판매직 고용 상황이 코로나 팬데믹 수준으로 다시 악화한 것으로 나타났다 판매직 고용 한파는 특히 청년층에 집중된 것으로 나타나 고용시장 활력 저하 우려가 커지고 있다 일 ,0
70, 이노엔 한국로슈 타미플루 국내 공급계약 체결,1, 코로나 팬데믹으로 발병률이 감소했으나 엔데믹 이후 년 넘게 독감 유행이 지속되며 독감치료제 시장은 성장하는 추세다 곽달원 이노엔 대표는 지난해 인플루엔자 치료제 조플루자 의 유통 및 공동판매에 이어 ,0
71,전북대 주거환경학과 대한민국 주거복지문화 대상 수상,1,특히 코로나 로 운영에 어려움을 겪고 있던 삼례문화예술촌을 리뉴얼 하기 위해 진행된 프로젝트는 완주군의 의뢰로 진행된 것으로 전북대 주거환경학과는 이곳의 유휴공간을 지역 문화 활성화와 예술인의 주거안정을 ,0
72, 제약바이오 이노엔 로슈 독감 치료제 타미플루 국내 유통사 선 ,0, 코로나 팬데믹으로 발병률이 잠시 감소했으나 엔데믹 이후 년 넘게 독감 유행이 지속되면서 독감치료제 시장은 점차 성장하는 추세다 이노엔 곽달원 대표는 지난해 인플루엔자 치료제 조플루자의 유통 및 ,0
73,단순 감기인 줄 알았는데 영유아 치명적 위험 유발 질환 확산,0,이와 같은 유행 상황은 코로나 로 백신 접종률이 낮아진 여파로 분석된다 백일해는 전 세계적으로 확산되고 있는데 미국에서는 만여 명의 환자가 발생했고 영국은 영아 명이 사망했으며 프랑스에서도 만명 ,0
74,한의학연 한약 만성 코로나 후유증 완화 효능 확인,0,만성 코로나 증후군에 대한 한약 후유증 완화 효능을 확인했다고 일 밝혔다 보중익기탕 경옥고 연구팀은 명 만성 코로나 증후군 환자를 대상으로 임상 연구를 진행했다 환자들은 각기 다른 한약인 보중익기탕 ,0
75, 주년 지스타 만명 다녀갔다 코로나 이후 최대 규모,0,국제게임전시회 지스타 가 뜨거운 관심 속에 일간의 대장정을 마무리하고 막을 내렸다 나흘 간의 행사 기간동안 총 만 천명 이상이 벡스코 현장을 방문한 것으로 확인됐다 한국게임산업협회가 주최하고 ,0
76, 년 월 일 항공리포트,1,올해는 공사 주관으로 코로나 이후 년 만에 첫 대면회의를 진행했습니다 각 공항 대표들은 공항의 미래 라는 주제로 인공지능 스마트 디지털기술 등 차 산업시대 공항의 ,0
77,이민근 안산시장 옌타이시 대표단 접견 과학기술 등 정책 협력,1,양 도시 간의 이번 대면 만남은 코로나 펜데믹 이후 처음으로 이루어졌다 시는 앞서 지난 년부터 총 일곱 차례의 청소년 국제문화교류사업을 추진 양 도시 청소년들의 글로벌 비전 향상을 위한 현지 청소년 교류 및 ,0
78,한의학 코로나 후유증 완화에 보중익기탕 등 효과 ,0,한국한의학연구원 한의학연 은 한약에 코로나 후유증 롱 코비드 의 주 증상인 피로와 인지기능 저하를 개선하는 효능이 있음을 확인했다고 일 밝혔다 코로나 후유증은 코로나 에 확진된 후 기침 가래 ,0
79, 이노엔 독감치료제 타미플루 국내 유통 맡는다,0, 코로나 팬데믹으로 발병률이 잠시 감소했으나 엔데믹 이후 년 넘게 독감 유행이 지속되면서 독감치료제 시장은 점차 성장하는 추세다 곽달원 이노엔 대표는 지난해 인플루엔자 치료제 조플루자 의 유통 및 ,0
80,애경그룹 지주사 홀딩스 대표에 전략통 고준 플라자 대표 발탁,0, 코로나 팬데믹 시절 플라자 대표이사로 옮겨 과감한 변화를 이끌면서 플라자 홍대점을 컨셉으로 변화시켰다 이강용 플라자 대표이사는 년 플라자 옛 애경백화점 에 신입사원으로 입사한 후 바이어로 ,0
81, 이노엔 한국로슈 인플루엔자 치료제 타미플루 국내 공급,1, 코로나 팬데믹으로 발병률이 잠시 감소했으나 엔데믹 이후 년 넘게 독감 유행이 지속되면서 독감 치료제 시장은 점차 성장하는 추세다 이노엔 곽달원 대표는 지난해 인플루엔자 치료제 조플루자 의 유통 ,0
82, 코로나 감염 뒤 장시간 후유증 한약으로 완화 가능,0,신종 코로나 바이러스 감염증 코로나 에 감염된 후 주 이상 지났는데도 증상이 지속되는 만성 코로나 증후군 롱코비드 을 완화하는 데 한약이 효과가 있다는 연구결과가 발표됐다 한국한의학연구원은 ,0
83,질병관리청 항생제 내성 제고 위한 항 필 제 사 캠페인 운영 ,0, 코로나 이후 전세계 항생제 사용이 증가함에 따라 항생제 내성 문제가 확대될 것을 우려해 최근 또 는 올해 월 세계적으로 코로나 팬데믹의 영향으로 많은 항생제가 사용됐다고 보도하며 향후 항생제 내성의 ,0
84,전북대 주거환경학과 대한민국 주거복지문화 대상 수상,1,특히 코로나 로 운영에 어려움을 겪고 있던 삼례문화예술촌을 리뉴얼 하기 위해 진행된 프로젝트는 완주군의 의뢰로 진행된 것으로 전북대 주거환경학과는 이곳의 유휴공간을 지역 문화 활성화와 예술인의 ,0
85, 김성재 칼럼 트럼프의 편협한 인사 정책의 향배는,1, 코로나 팬데믹 당시에도 백신 강제 접종과 마스크 착용에 반대해 보수 진영과 트럼프에게 영향을 주기도 했다 정부가 공공건강 위기를 조장한다는 음모론을 신봉하기도 했다 하지만 의료전문가들은 케네디 세의 ,0
86,항생제 처방 중 부적절 질병청 항생제 내성 예방 수칙 당부 ,0, 코로나 이후 전세계 항생제 사용이 증가함에 따라 항생제 내성 문제가 확대될 것을 우려해 국제사회에서도 항생제 내성 예방 관리 강화를 촉구하고 있다 일반인 만 항생제 용도 이해 지침따른 처방 절반 ,0
87, 정기인사 임박 허민회 지주사 대표 내정설,1,이후 제일제당과 오쇼핑을 거쳐 년 대표에 올라 재무 구조를 개선했다 코로나 여파로 가 경영난에 처하자 허 대표는 년 월 대표이사로 투입돼 영화관 체질 개선에 나섰다 ,0
88,개인 투자자 몰려든 증시 투기 열풍에 들썩 ,0,지난 년 중국 증시 붕괴와 디지털화로 주식 살롱은 쇠퇴하기 시작했으며 신종 코로나 바이러스 감염증 코로나 팬데믹 여파로 이러한 오프라인 모임은 거의 자취를 감췄었다 그러나 최근 주식 시장 활황 속에서 ,0
89,내수부진 고용한파로 판매직 만명 청년층에 집중,0,내수 부진이 길어지면서 판매직 고용 상황이 코로나 팬데믹 수준으로 다시 악화한 것으로 나타났다 판매직 고용 한파는 특히 청년층에 집중된 것으로 나타났다 연합뉴스에 따르면 일 통계청 ,0
90,질병청 항생제 내성 예방 캠페인 항 필 제 사 운영,0, 는 년 항생제 내성을 인류가 당면한 대 공중보건 위협으로 선정했고 코로나 이후 전세계 항생제 사용이 증가함에 따라 항생제 내성 문제가 확대될 것을 우려하여 최근 국제사회에서도 각국의 항생제 내성 ,0
91,머스크의 다이어트제 위고비 여기에도 효과 있다 건강 ,1,지난 월 유럽 심장학회 콘퍼런스에서는 위고비의 주성분인 세마글루타이드가 관절염 알츠하이머 암 코로나 등 훨씬 더 광범위한 질병에 영향을 미쳐 사망률을 전반적으로 낮춘다는 사실이 보고되기도 했다 한 ,0
92, 제약 삼성바이오에피스 프롤리아 엑스지바 시밀러 유럽허가 권고 ,0, 코로나 팬데믹으로 발병률이 잠시 감소했으나 엔데믹 이후 년 넘게 독감 유행이 지속되면서 독감치료제 시장은 점차 성장하는 추세다 녹십자 넥스아이 면역항암제 혁신신약 공동개발 녹십자 가 ,0
93,내수 부진에 고용 한파 덮쳐 청년층 타격 심각,1,이는 년 이후 세 번째로 큰 감소폭으로 코로나 팬데믹 시기와 유사한 수준이다 일 통계청 국가통계포털과 경제활동인구조사 마이크로데이터에 따르면 판매직 고용 감소의 주요 원인은 온라인 상거래의 증가와 ,0
94,언양 봉계 한우불고기축제 일원화 울주군의회 상인 정상화 방안 모색,0, 일 울주군의회에 따르면 지난 년부터 시작돼 매년 울주군 언양과 봉계지역에서 번갈아 가며 격년제로 열리던 한우불고기축제는 아프리카돼지열병 확산 년 과 코로나 확산 년 등 외부 영향으로 일정 ,0
95, 일 대학가 숙명여대 연세대 광운대,0, 코로나 인플루엔자 등 생활 공기 중의 바이러스 위험도를 측정해 스마트폰으로 제공한다 소노럭스헬스테크는 팁스 선정을 계기로 실시간 바이러스 감지 기반 디지털 헬스케어 플랫폼 개발에 주력한다 어린이집 ,0
96, 현대해상 분기도 올해 배당 어려울듯 ,1,올해 월 코로나 재확산 및 수족구와 폐렴 등 어린이질병 증가로 실손보험을 중심으로 보험손익이 악화된 결과로 분석된다 손실계약비용은 억원으로 평균적인 수준에 머물렀으나 전년 동기 중 발생한 ,0
97,여객 화물 쌍끌이 호황 항공업계 인력 채용 활발,0,대한항공 관계자는 코로나 엔데믹에 따른 여객사업 회복에 대비하고 지속 가능한 성장 기반을 강화할 코로나 팬데믹 이전인 년 만 명과 비교해도 에 육박하는 회복률을 보였다 화물사업도 순항 ,0
98, 이노엔 한국로슈 인플루엔자 치료제 타미플루 국내 공급,1, 코로나 팬데믹으로 발병률이 잠시 감소했으나 엔데믹 이후 년 넘게 독감 유행이 지속되면서 독감치료제 시장은 점차 성장하는 추세다 이노엔 곽달원 대표는 지난해 인플루엔자 치료제 조플루자 의 유통 및 ,0
99,노루페인트 안양시 지역주민 소외이웃 위한 배추 나눔 ,1,또 코로나 시기부터 쌀 후원을 진행하는 등 지역과 상생하는 나눔 활동을 벌여오고 있다 노루페인트 관계자는 배추값이 폭등하며 김장을 포기하는 가족들이 늘고 있다는 소식에 이러한 나눔 행사를 기획했다 며 ,0
100,정철 나무기술 대표 중소기업 기술 경영 혁신대전 장관 표창 수 ,1,특히 질병관리청의 코로나 확진자 데이터 분석 시스템 구축을 통해 공공 부문의 데이터 관리 기반을 마련하기도 했다 또 메타클라우드 기술을 적용한 스페로 는 멀티 및 하이브리드 클라우드를 통합 관리할 수 ,0
101, 경영지원 대표에 허민회 내정 이르면 오후께 발표,0, 년 월에는 코로나 여파로 가 경영난에 처하자 허 대표는 대표이사로 투입돼 영화관 체질 개선에 나섰다 앞서 는 년도 임원인사를 평소보다 늦은 올해 월에 단행한 바 있다 당시 는 ,0
102, 자꾸 피곤하네 코로나 앓고 난 후 무기력 이 한약 찾아보세요,0,국내 연구팀이 피로감 인지기능 저하 등 만성 코로나 증후군의 증상을 완화할 수 있는 한약 효능을 만성 코로나 증후군에 대한 한약의 완화 효능을 확인했다고 일 밝혔다 연구 결과는 국제 학술지 헬리온 ,0
103, 코로나 후유증으로 피로하다면 한의학연 보중익기탕이 효과 ,0, 코로나 가 일상이 되면서 감염 후유증으로 인한 피로와 인지기능 저하를 호소하는 증후군 환자도 늘었다 만성 코로나 증후군에 대한 한약의 후유증 완화 효능을 확인했다고 일 밝혔다 보중익기탕과 경옥고 ,0
104, 이노엔 한국로슈 인플루엔자 치료제 타미플루 국내 공급 계약,1, 코로나 팬데믹으로 발병률이 잠시 감소했으나 엔데믹 이후 년 넘게 독감 유행이 지속되면서 독감 치료제 시장은 점차 성장하는 추세다 곽달원 이노엔 대표는 지난해 인플루엔자 치료제 조플루자의 유통 및 ,0
105,키움증권 대원제약 만성질환치료제 처방 증가 감기약 성수기 효과도 ,0, 분기 코로나 재유행으로 인해 호흡기질환치료제 처방이 늘었다 며 연초에 비해 만성질환치료제 진해거담제 코대원포르테 와 코대원에스 는 월에 시작한 코로나 재유행으로 감기약 처방이 늘어난 효과를 본 ,0
106,경남 하동군 청소년 문화교류단 자매도시 중국 장자제시 방문,0,군 관계자는 코로나 로 중단된 교류를 다시 이어나가게 돼서 기쁘다 며 이번 교류를 통해 청소년들이 다양한 문화를 경험하고 세계관을 넓힐 수 있길 바란다 라고 말했다 한편 장자제시의 민족중학교 문화교류단은 ,0
107,이민근 안산시장 옌타이시 대표단 접견 과학기술 등 정책 협력,1,양 도시 간의 이번 대면 만남은 코로나 펜데믹 이후 처음으로 이루어졌다 앞서 지난 년부터 총 일곱 차례의 청소년 국제문화교류사업을 추진 양 도시 청소년들의 글로벌 비전 향상을 위한 현지 청소년 교류 및 역사 ,0
108,신흥국 주식은 불안하네 채권 투자는 늘려,0,신흥국 주식시장에서는 코로나 팬데믹 당시이던 년 월 이후 최대 규모인 억 달러가 유출됐습니다 이에 비해 신흥국 채권에 억 달러가 유입돼 주식시장 유출분을 상쇄하고도 남았습니다 투자자들이 ,0
109, 그룹 허민회 지주사 경영지원 대표 내정 대외 업무 총괄,0, 제일제당과 오쇼핑을 거쳐 년 대표에 올라 회사 재무 구조를 개선했다 허 대표는 코로나 여파로 가 경영난에 처하자 년 월 대표이사로 투입돼 영화관 체질 개선에도 나선 바 있다 ,0
110, 이노엔 한국로슈 독감 치료제 타미플루 국내 공급계약 체결,1, 코로나 팬데믹으로 발병률이 잠시 감소했으나 엔데믹 이후 년 넘게 독감 유행이 지속되면서 독감치료제 시장은 성장하는 추세다 곽달원 이노엔 대표는 지난해 인플루엔자 치료제 조플루자 의 유통 및 공동판매에 ,0
111, 이노엔 타미플루 공급 국내 유통 담당,0, 코로나 엔데믹 이후 독감 유행이 지속되면서 독감 치료제 시장은 점차 성장하는 추세라고 이노엔은 전했다 이노엔 곽달원 대표는 지난해 인플루엔자 치료제 조플루자 의 유통 및 공동판매에 이어 타미플루 ,0
112, 이노엔 한국로슈 인플루엔자 치료제 타미플루 국내 공급계약,1, 코로나 팬데믹으로 발병률이 잠시 감소했으나 엔데믹 이후 년 넘게 독감 유행이 지속되면서 독감치료제 시장은 점차 성장하는 추세다 이노엔 곽달원 대표는 지난해 인플루엔자 치료제 조플루자 의 유통 및 ,0
113,이민근 안산시장 옌타이시 대표단 접견,1,양 도시 간의 이번 대면 만남은 코로나 펜데믹 이후 처음으로 이루어졌다 앞서 지난 년부터 총 일곱 차례의 청소년 국제문화교류사업을 추진 양 도시청소년들의 ,0
114, 이노엔 독감 치료제 타미플루 국내 공급계약 체결,0, 코로나 팬데믹으로 발병률이 잠시 감소했으나 엔데믹 이후 년 넘게 독감 유행이 지속되면서 독감치료제 시장은 점차 성장하는 추세다 이노엔은 지난해 한국로슈와 인플루엔자 치료제 조플루자 공동판매 계얄을 ,0
115,전남도 광주 전남 산림조합 한마음대회 성황리 개최,0,광주 전남 산림조합 한마음대회는 년부터 년까지 회 연속 개최했으나 코로나 로 중단됐다가 재개됐다 산림조합 임직원과 임업인의 결속력을 다짐하는 장으로 진행됐다 김영록 지사는 산림은 대표적 ,0
116,애경그룹 홀딩스 대표이사에 고준 전략통의 화려한 컴백,0, 사진 애경그룹 코로나 팬데믹 당시 지주사에서 플라자로 향했던 고준 대표이사가 홀딩스 신임 대표이사로 선임돼 화려한 복귀를 선언했다 플라자 대표이사의 빈 자리는 이강용 플라자 상품본부장이 채우게 ,0
117,하동군 청소년 문화교류단 자매도시 중국 장자제시 방문,0,군 관계자는 코로나 로 중단된 교류를 다시 이어나가게 돼 기쁘다 며 이번 교류를 통해 청소년들이 다양한 문화를 경험하고 세계관을 넓힐 수 있길 바란다 고 말했다 한편 장자제시의 민족중학교 문화교류단은 ,0
118, 이노엔 한국로슈 타미플루 국내 공급계약 체결,1, 코로나 팬데믹으로 발병률이 잠시 감소했으나 엔데믹 이후 년 넘게 독감 유행이 지속되면서 독감치료제 시장은 점차 성장하는 추세다 곽달원 이노엔 대표는 지난해 인플루엔자 치료제 조플루자 의 유통 ,0
119,신흥국 증시서 돈 빼는 글로벌 투자자들 채권으로 눈돌려,0,신흥국 주식시장에서는 코로나 팬데믹 당시 년 월 이후 최대 규모인 억 달러가 유출됐습니다 이에 비해 신흥국 채권에 억 달러가 유입됐습니다 중국 시장만 보면 주식에서 억 달러 순유출이 ,0
120,안산시 중국 엔타이시 대표단 접견 우호 협력 방안 논의,1,양 도시 간의 이번 대면 만남은 코로나 펜데믹 이후 처음으로 이뤄졌다 앞서 지난 년부터 총 일곱 차례의 청소년 국제문화교류사업을 추진 양 도시 청소년들의 글로벌 비전 향상을 위한 현지 청소년 교류 및 역사 ,0
121,내수 부진 지속 월평균 판매 종사자 만 명 급감,0,판매직 고용 상황이 코로나 팬데믹 수준으로 다시 악화한 것으로 나타났습니다 통계청 국가통계포털과 경제활동인구조사 마이크로데이터에 따르면 올해 월 월평균 판매 종사자는 만 천 명으로 지난해 ,0
122,버려달라는 줄 알았는데 음식점 사장 울린 휴지 편지 감동 ,1, 인 샤부샤부 전문점을 운영한다는 글 작성자 씨는 제 영업 목표는 저렴한 가격에 질 높은 음식으로 손님 배가 부르게 하는 것 이라며 하지만 코로나 이후 끝을 모르고 치솟는 물가 때문에 부담이 됐다 고 운을 뗐다 ,0
123,허민회 지주사 대표이사 선임 그룹 소폭 정기 인사,0, 코로나 여파로 가 경영난에 처하자 허 대표는 년 월 대표이사로 투입돼 영화관 체질 개선에 나섰다 그룹의 이번 정기 임원 인사는 소폭일 것으로 예상된다 허 대표가 떠나는 대표직은 내부 ,0
124,애경그룹 정기 임원 인사 발표 홀딩스 대표에 고준,1,특히 년 월에는 코로나 사태로 난항에 빠진 플라자의 지휘봉을 잡고 위기 돌파를 위한 기틀을 세웠다 신임 이강용 플라자 대표는 년 플라자 애경백화점 에 신입사원으로 입사했다 바이어부터 시작해 ,0
125, 이노엔 로슈 타미플루 국내 공급 계약,0, 코로나 팬데믹으로 발병률이 잠시 감소했으나 엔데믹 이후 년 넘게 독감 유행이 지속되면서 독감치료제 시장은 점차 성장하는 추세다 이노엔 곽달원 대표는 지난해 인플루엔자 치료제 조플루자 의 유통 및 ,0
126,한의학연 보중익기탕 등 한약 코로나 후유증 완화 ,1,한국한의학연구원은 만성 코로나 증후군에 대한 한약 후유증 완화 효능을 확인했다고 일 밝혔다 연구팀은 명의 만성 코로나 증후군 환자를 대상으로 임상 연구를 진행했다 환자들은 각기 다른 한약인 ,0
127,서울시 외국인 마을버스 운전기사 도입 추진,0,그런데 코로나 를 거치며 운전기사들이 배달업 등으로 이탈했고 기존 운전기사들 고령화도 심각한 상황이라고 한다 서울시마을버스운송조합에 따르면 마을버스 한 대당 적정 기사 수는 명으로 지난달 기준 여 ,0
128,애경그룹 지주사 홀딩스에 고준 대표이사 신규 선임,0, 년 월에는 코로나 사태로 어려움에 처한 플라자 대표이사로 옮겨 과감한 변화를 주도해 위기 극복의 발판을 마련했다는 긍정적 평가를 받고 있다 플라자 홍대점을 콘셉트로 전면 개편해 위기를 벗어난 ,0
129, 독감 코로나 예방접종 꼭 받으세요 양산시 집중 홍보,1,시는 어르신들에게 코로나 와 동시 접종이 가능함을 강조하고 있다 또 코로나 예방접종 대상자 범위가 기존의 세 이상 면역저하자 감염 취약시설의 입원 입소자에서 의료인과 감염 취약시설 종사자까지 ,0
130, 이노엔 한국로슈와 타미플루 국내 공급계약 체결,0,신종 코로나 바이러스 코로나 팬데믹으로 발병률이 일시적으로 감소했으나 팬데믹 이후 독감 유행이 년 이상 지속되며 독감 치료제 시장은 점차 성장하는 추세다 곽달원 이노엔 대표는 인플루엔자 치료제 조플루자 ,0
131,내수부진으로 판매직 고용 악화 특히 청년층에 집중,1,국내의 판매직 고용 상황이 코로나 팬데믹 수준으로 악화한 것으로 나타났다 내수 부진이 길어진 코로나 시절인 년 만 명 과 년 만 명 다음으로 많다 판매 종사자는 온라인 상거래 증가 ,0
132, 이노엔 한국로슈 타미플루 국내 공급계약 체결,1, 코로나 팬데믹으로 발병률이 잠시 감소했으나 엔데믹 이후 년 넘게 독감 유행이 지속되면서 독감치료제 시장은 점차 성장하는 추세다 곽달원 이노엔 대표는 지난해 인플루엔자 치료제 조플루자 의 유통 및 ,0
133, 정기인사 임박 허민회 대표 그룹 경영지원 대표 내정,1,특히 코로나 여파로 가 경영난에 처하자 허 대표는 년 월 대표이사로 투입돼 영화관 체질 개선에 나서기도 했다 업계에서는 이번 그룹의 정기 임원 인사는 소폭일 것으로 예상하고 있다 는 ,0
134, 더페어 프리즘 저염식으로 건강 맛 모두 잡는다,1,신종 코로나 아비러스 감염증 코로나 이후 소비가 늘어난 가정간편식 도 나트륨에 주의해야 하는 상품으로 손 꼽히고 있다 국내 가정간편식 제품 생산 규모는 년 조 억원에서 년 조 억원으로 가량 ,0
135, 해외증권투자 개미비중 역대최대 투자 ,0,이는 코로나 팬데믹 이후로 해외 주식 투자가 급증한 데 이어 작년 하반기부터 본격화된 해외채권 투자 년엔 에 그쳤지만 코로나 팬데믹을 거치면서 년 년 년 순으로 커졌다 ,0
136,글로벌 투자자들 신흥국서 돈 빼 채권에 투자,0,신흥국 주식시장에서는 코로나 팬데믹 당시이던 년 월 이후 최대 규모인 억달러가 유출됐다 이에 비해 신흥국 채권에 억 달러가 유입돼 주식시장 유출분을 상쇄하고도 남았다 투자자들이 주식시장에서 돈을 ,0
137, 독감 코로나 예방접종 꼭 받으세요 양산시 집중 홍보,1,시는 어르신들에게 코로나 와 동시 접종이 가능함을 강조하고 있다 또 코로나 예방접종 대상자 범위가 기존의 세 이상 면역저하자 감염 취약시설의 입원 입소자에서 의료인과 감염 취약시설 종사자까지 ,0
138, 이노엔 독감 치료제 타미플루 국내 공급계약 체결,0, 코로나 팬데믹으로 발병률이 잠시 감소했으나 엔데믹 이후 년 넘게 독감 유행이 지속되면서 독감치료제 시장은 점차 성장하는 추세다 이노엔 곽달원 대표는 지난해 인플루엔자 치료제 조플루자 의 유통 및 ,0
139,글로벌투자자 신흥국 증시 돈빼는 대신 채권투자 늘려,0,신흥국 주식시장에서는 코로나 팬데믹 당시이던 년 월 이후 최대 규모인 억 달러가 유출됐다 이에 비해 신흥국 채권에 억 달러가 유입돼 주식시장 유출분을 상쇄하고도 남았다 투자자들이 주식시장에서 ,0
140,글로벌 투자자들 신흥국 증시서 돈 빼고 채권에 넣는다,0,신흥국 주식시장에서는 코로나 팬데믹 당시이던 년 월 이후 최대 규모인 억 달러가 유출됐다 이에 비해 신흥국 채권에 억 달러가 유입돼 주식시장 유출분을 상쇄하고도 남았다 투자자들이 주식시장에서 ,0
141,에스더기도운동 월 주차 북한 및 국가 기도제목,1,지난해 월 일간의 단식과 국정감사 코로나 감염 등으로 재판은 연기를 반복했다 공직선거법은 심 판결은 개월 심과 심은 각 개월 안에 선고하도록 법으로 규정하고 있지만 지켜지지 않았다 조희대 ,0
142, 경영지원 대표에 허민회 내정 오늘 오후 인사 안정 기조 전망,1, 코로나 여파로 가 경영난에 처하자 허 대표는 년 월 대표이사로 투입돼 영화관 체질 개선에 나섰다 허 대표는 로 복귀해 김홍기 대표와 함께 공동대표를 맡게 될 것으로 보인다 김 대표가 내부 ,0
143, 이노엔 로슈 타미플루 국내 공급계약 체결,0, 코로나 팬데믹으로 발병률이 잠시 감소했으나 엔데믹 이후 년 넘게 독감 유행이 지속되면서 독감치료제 시장은 점차 성장하는 추세다 이노엔 곽달원 대표는 지난해 인플루엔자 치료제 조플루자 의 유통 ,0
144, 인사 애경산업 고준 홀딩스 대표이사 선임 외,0,지주회사 홀딩스 전략기획을 총괄하며 변화를 주도했고 지난 년 월 코로나 팬데믹으로 어려웠던 플라자 대표이사로 옮겨 홍대점을 회복시키는 등 성과를 달성했다 이강용 플라자 신임 대표이사는 지난 ,0
145, 만성 코로나 증후군 에 한약의 후유증 완화효능 확인,0,만성 코로나 증후군에 대한 한약의 후유증 완화효능을 확인했다고 일 밝혔다 이번에 공동 연구팀은 명의 만성 코로나 증후군 환자를 대상으로 임상연구를 진행 환자들에 각기 다른 한약인 보중익기탕 ,0
146, 오늘의 제약리뷰 유한양행 제일약품 이노엔 동성제약 휴메딕스,0, 코로나 팬데믹으로 발병률이 잠시 감소했으나 엔데믹 이후 년 넘게 독감 유행이 지속되면서 독감치료제 시장은 점차 성장하는 추세다 이노엔 곽달원 대표는 지난해 인플루엔자 치료제 조플루자 의 유통 및 ,0
147, 경영지원 대표에 허민회 내정 그룹 연말 인사 임박,0, 코로나 여파로 가 경영난에 처하자 허 대표는 년 월 대표이사로 투입돼 영화관 체질 개선에 나섰다 그룹의 이번 정기 임원 인사는 소폭일 것으로 예상된다 는 지난해 실적 부진 속에 해를 ,0
148,내수 부진 지속 월 판매 종사자 만 명 급감,0,판매직 고용 상황이 코로나 팬데믹 수준으로 다시 악화한 것으로 나타났습니다 통계청 국가통계포털과 경제활동인구조사 마이크로데이터에 따르면 올해 월 월평균 판매 종사자는 만 천 명으로 지난해 ,0
149,산으로 가는 한국 자본시장 더 나은 경제 ,0, 년 월 일 코로나 팬데믹 시기 종가 만 원을 기록한 뒤 처음으로 만원대까지 밀려났다 지난 월 일 기록한 연고점인 만 원 대비 나 급락했다 이튿날 삼성전자가 조원 규모의 자사주 매입을 공시하고 ,0
150, 또 일본가 이런 친구 많더니 무려 만 명 역대 최다 찍었다,0,종전 최다 이용객 수는 코로나 이전인 년 기록한 만명이다 올해 월평균 한일 노선 이용객 수가 만명 안팎인 점을 고려하면 이달 중 연간 최고 기록을 넘어설 것으로 예상된다 일본 여객 수요가 이같이 ,0
151,미국 환율관찰 대상국에 베트남 재지정 한국 등 개국,1,또한 경상수지는 코로나 팬데믹 당시 생산차질에 따른 수출감소와 원자재 급등에 따른 수입증가로 년 적자를 기록한 이후 흑자전환해 상반기 기준 흑자 규모는 의 에 이른 상태이다 상반기 베트남의 ,0
152,내수 한파 판매직 만 명 급감 청년층 직격탄 ,0,상황이 코로나 사태 때 수준으로 악화한 것으로 나타났습니다 통계청 집계를 보면 올해 들어 지난달까지 월평균 판매 종사자 수가 만 천 명으로 지난해 같은 기간보다 만 명 줄었습니다 코로나 사태 ,0
153,항생제 쓸수록 내성 증가 필요할 때만 제대로 사용해야 ,0, 가 년 항생제 내성을 인류가 당면한 대 공중보건 위협 중 하나로 선정한 데 이어 코로나 이후 년 질병청 는 또 코로나 팬데믹의 영향으로 코로나 입원환자 중 항생제가 필요한 경우는 에 ,0
154, 이노엔 한국로슈 타미플루 국내 공급계약 체결,1, 코로나 팬데믹으로 발병률이 잠시 감소했으나 엔데믹 이후 년 넘게 독감 유행이 지속되면서 독감치료제 시장은 점차 성장하는 추세다 곽달원 이노엔 대표는 지난해 인플루엔자 치료제 조플루자 의 유통 및 ,0
155,판매직 팬데믹 수준 급감 내수부진 여파 청년층 심각 ,0,내수 부진이 이어지는 가운데 판매직 고용은 코로나 팬데믹 수준으로 악화한 것으로 나타났다 특히 판매 종사자는 코로나 팬데믹 영향으로 년 만 명 에 이어 년 만 명 가장 큰 폭으로 ,0
156, 이노엔 한국로슈와 타미플루 국내 공급계약 체결,0, 코로나 팬데믹으로 발병률이 잠시 감소했으나 엔데믹 이후 년 넘게 독감 유행이 지속되면서 독감치료제 시장은 점차 성장하는 추세다 곽달원 이노엔 대표는 지난해 인플루엔자 치료제 조플루자 의 유통 및 ,0
157, 이노엔 한국로슈 타미플루 국내 공급계약 체결,1,독감은 코로나 팬데믹으로 발병률이 잠시 감소했으나 엔데믹 이후 년 넘게 유행이 지속되면서 독감치료제 시장은 점차 성장하는 추세다 곽달원 이노엔 대표는 지난해 인플루엔자 치료제 조플루자의 유통과 ,0
158,이민근 안산시장 옌타이시 대표단 접견 우호협력방안 논의,1,양 도시 간 이번 대면 만남은 코로나 펜데믹 이후 처음으로 이뤄져 시선을 끌었다 앞서 지난 년부터 총 일곱 차례 청소년 국제문화교류사업을 추진 양 도시 청소년들의 글로벌 비전 향상을 위한 현지 청소년 교류와 ,0
159, 트럼프 기 산업재 주가 급변동 긍정 요인이 더 많아 신한투자증 ,0,이 연구원은 트럼프 기에서는 금리 상승기에 리쇼어링이 구호에 그쳤으나 코로나 와 전쟁 빅테크 기술 이 연구원은 트럼프 기를 겪으며 시장에는 익숙함에서 오는 안도감이 있지만 코로나 팬데믹과 전쟁을 거치며 ,0
160, 이노엔 한국로슈 인플루엔자 치료제 타미플루 공급,0, 코로나 팬데믹으로 발병률이 잠시 감소했으나 엔데믹 이후 년 넘게 독감 유행이 지속되면서 독감치료제 시장은 점차 성장하는 추세다 이노엔 곽달원 대표는 지난해 인플루엔자 치료제 조플루자 의 유통 및 ,0
161, 산전수전 해외사업 리딩뱅크 는 국민 신한 인니서 희비교차 ,0,하지만 코로나 를 거치며 부실이 확대되면서 정상화 속도가 지연되고 있다 부코핀은행은 인수 당시 부실금융기관으로 분류돼 있었다 국민은행은 뱅크 인도네시아 적자와 관련해 충당금 전입 및 법인세 관련 ,0
162,내수 부진에 판매직 급감 청년층 고용 한파 심화,0, 사진 연합뉴스 내수 경제의 부진이 장기화되면서 판매직 고용이 코로나 팬데믹 수준으로 악화된 것으로 나타났다 특히 판매직 고용 감소는 청년층을 중심으로 집중되며 고용시장에 큰 부담을 주고 있다 일 ,0
163,신흥국 증시 자금 이탈 년 코로나 사태 이후 최대,0,신흥국 증시에서 년 상반기 코로나 팬데믹 매도 사태 이후 지난달 가장 많은 외국인 투자자금이 빠져나간 것으로 집계됐다 다만 채권에 투자금이 더 많이 유입되면서 충격을 상쇄한 것으로 나타났다 일 ,0
164,이민근 안산시장 중국 옌타이시 대표단 만나 과학기술 등 정책 협력 논 ,1,이번 대면 만남은 코로나 펜데믹 이후 처음으로 이뤄졌다 앞서 양 시는 지난 년부터 총 일곱 차례의 청소년 국제문화교류사업을 추진 청소년들의 글로벌 비전 향상을 위한 현지 청소년 교류 및 역사 문화 프로그램 ,0
165, 이노엔 로슈 독감 치료제 타미플루 국내 공급계약 체결,0, 코로나 팬데믹으로 발병률이 잠시 감소했으나 엔데믹 이후 년 넘게 독감 유행이 지속되면서 독감치료제 시장은 점차 성장하는 추세다 곽달원 이노엔 대표는 지난해 인플루엔자 치료제 조플루자 의 유통 및 ,0
166, 이노엔 인플루엔자 치료제 타미플루 공급계약 체결,0, 코로나 팬데믹으로 발병률이 잠시 감소했으나 엔데믹 이후 년 넘게 독감 유행이 지속되면서 독감치료제 시장은 점차 성장하는 추세다 이노엔 곽달원 대표는 지난해 인플루엔자 치료제 조플루자 의 유통 및 ,0
167,이민근 안산시장 옌타이시 대표단 접견 과학기술 등 정책 협력,1,양 도시 간의 이번 대면 만남은 코로나 펜데믹 이후 처음으로 이루어졌다 앞서 지난 년부터 총 일곱 차례의 청소년 국제문화교류사업을 추진 양 도시 청소년들의 글로벌 비전 향상을 위한 현지 청소년 교류 및 역사 ,0
168, 이노엔 한국로슈와 타미플루 국내 공급계약 체결,0, 코로나 팬데믹으로 발병률이 잠시 감소했으나 엔데믹 이후 년 넘게 독감 유행이 지속되면서 독감치료제 시장은 점차 성장하는 추세다 이노엔 곽달원 대표는 지난해 인플루엔자 치료제 조플루자 유통 및 ,0
169,판매직 붕괴 청년 고용 급감,0,내수가 침체되면서 판매직 고용이 코로나 팬데믹 당시 악화된 수준으로 다시 떨어졌다 특히 청년층의 고용이 크게 감소한 것으로 나타나면서 고용 시장의 활력 저하에 대한 우려가 커지고 있다 통계청 ,0
170,한의학연 경희대 연구팀 한약 만성 코로나 후유증 완화 효능 ,0,국내 연구진이 한약이 만성 코로나 후유증을 완화하는 효능을 확인해 주목된다 한국한의학연구원 신 변종 감염질환 한의 임상기술 개발 연구실 권선오 박사 연구팀은 경희대 한방병원 김태훈 교수팀과 만성 코로나 ,0
171,팬데믹 수준 고용 한파 내수부진에 판매직 만명 줄어,0,내수 부진이 길어지면서 판매직종에 종사하는 사람들의 고용 상황이 코로나 유행 당시 수준으로 악화한 것으로 나타났다 특히 판매직 고용 악화는 청년층에 집중된 것으로 나타났다 일 통계청 국가통계포털과 ,0
172,버려달라는 줄 알고 당황했는데 손님이 건넨 휴지 사장 울렸다,0, 년째 인 샤부샤부 전문점을 운영한다고 밝힌 씨는 최근 자영업자 커뮤니티 아프니까 사장이다 에 제 영업 목표는 저렴한 가격에 질 높은 음식으로 손님 배가 부르게 하는 것 이라며 하지만 코로나 이후 끝을 모르고 ,0
173, 장애인 신학과 통일신학 주제로 학술세미나 열린다,1,한편 함께사는세상은 북한 장애인 정책을 총괄하는 조선장애자보호련맹중앙위원회 와 협력해 북한 장애인을 위한 차량 장애인 의족과 식량 겨울용 방한 의류 지원 코로나 팬데믹 상황에서의 마스크 지원 및 장애인 ,0
174,한약 만성 코로나 후유증 완화한다,1,만성 코로나 증후군에 대한 한약의 후유증 완화 효능을 확인했다고 일 밝혔다 이번 연구는 만성 코로나 증후군으로 인한 피로와 인지기능 저하에 대한 한약의 치료 효과와 안전성을 평가하는 데 중점을 뒀다 ,0
175,만성 코로나 후유증 한약 도움될까,1,만성 신종 코로나 바이러스 감염증 코로나 완화에 한약이 도움이 되는 것으로 확인됐다 피로 증상을 개선하는 데 큰 역할을 하는 것으로 나타났다 한국한의학연구원 원장 이진용 신 변종 감염질환 한의 ,0
176,지스타 나흘 간 만명 방문 전년 대비 ,0, 년 이후 년 만에 현장 방문 만명을 돌파한 것으로 코로나 이전 수준으로 복구하는 모양새다 역대 최다 수치인 년의 만 명에는 미치지 못했으나 코로나 발병 이후 년 만에 만명을 넘는 ,0
177, 코스피 바닥 개월 후행 배에서 하락 제한 ,0,금융위기나 신종 코로나 바이러스 감염증 코로나 펜데믹 등의 상황이 아니라면 코스피는 개월 후행 주가순자산비율 배 정도에서 추가 하락이 제한됐던 경험이 대다수라며 까지가 경험적으로 얘기할 수 ,0
178,신흥국 증시서 돈 빼는 글로벌 투자자들 채권으로 눈돌려,0,신흥국 주식시장에서는 코로나 팬데믹 당시이던 년 월 이후 최대 규모인 억 달러가 유출됐다 이에 비해 신흥국 채권에 억 달러가 유입돼 주식시장 유출분을 상쇄하고도 남았다 투자자들이 주식시장에서 ,0
179, 이노엔 한국로슈 인플루엔자 치료제 타미플루 공급계약 체결,0, 코로나 팬데믹으로 발병률이 잠시 감소했으나 엔데믹 이후 년 넘게 독감 유행이 지속되면서 독감치료제 시장은 점차 성장하는 추세다 곽달원 이노엔 대표는 지난해 인플루엔자 치료제 조플루자 의 유통 및 ,0
180, 이노엔 인플루엔자 치료제 타미플루 공급계약 체결,0, 코로나 팬데믹으로 발병률이 잠시 감소했으나 엔데믹 이후 년 넘게 독감 유행이 지속되면서 독감치료제 시장은 점차 성장하는 추세다 이노엔 곽달원 대표는 지난해 인플루엔자 치료제 조플루자 의 유통 및 ,0
181, 이노엔 한국로슈 인플루엔자 치료제 타미플루 국내 유통 담당,1, 코로나 팬데믹으로 발병률이 잠시 감소했으나 엔데믹 이후 년 넘게 독감 유행이 지속되면서 독감치료제 시장은 점차 성장하는 추세라고 회사 측은 설명했다 이노엔 곽달원 대표는 지난해 인플루엔자 치료제 ,0
182, 이노엔 로슈 인플루엔자 치료제 타미플루 국내 공급계약 체결,0, 코로나 팬데믹 대유행 으로 발병률이 잠시 감소했으나 엔데믹 풍토병화 이후 년 넘게 독감 유행이 지속되면서 독감치료제 시장은 점차 성장하는 추세다 곽달원 이노엔 대표는 지난해 인플루엔자 치료제 ,0
183,서울대교구 길음동본당 주년 기념미사 봉헌,1,지난 월부터 월까지 구역미사를 봉헌하여 코로나 로 단절되었던 공동체의 회복을 위해 기도했으며 이는 신자들이 신앙생활을 재도약하는 기회가 되었다 전 신자 화합을 다지기 위해 척사대회 월 성지순례 월 ,0
184, 돌 교정인불자 포교 수용자 전법으로 재도약 ,1,하지만 전 세계를 덮친 코로나 정년 퇴임 젊은 불자 교정인 감소로 침체기에 빠져있다 이에 교정인불자회는 명상과 템플스테이 등 시대에 발맞춘 포교로 회원 영입 을 도모하고 무신론자 수용자들이 종교를 갖게 ,0
185, 이노엔 한국로슈와 타미플루 국내 공급계약 체결,0, 코로나 팬데믹으로 발병률이 잠시 감소했으나 엔데믹 이후 년 넘게 독감 유행이 지속되면서 독감치료제 시장은 점차 성장하는 추세다 곽달원 이노엔 대표는 지난해 인플루엔자 치료제 조플루자 의 유통 및 ,0
186,양산시 겨울철 독감 코로나 예방접종 집중 홍보,0,특히 어르신은 코로나 동시접종까지 가능하다며 미접종자에 대해 접종을 서둘러 줄 것을 당부했다 아울러 코로나 예방접종의 경우 대상자의 범위가 기존 세 이상 어르신 면역저하자 감염취약시설 입원 ,0
187, 이노엔 로슈 타미플루 국내 공급계약 체결,0, 코로나 팬데믹으로 발병률이 잠시 감소했으나 엔데믹 이후 년 넘게 독감 유행이 지속되면서 독감치료제 시장은 점차 성장하는 추세다 곽달원 이노엔 대표는 지난해 인플루엔자 치료제 조플루자 의 유통 및 ,0
188, 트럼프 시대 제약 바이오는 확대 기회 생물보안법 반사 ,0, 코로나 이후 전염병 예방과 대응에 대한 인식이 높아지면서 디지털 헬스케어에 대한 정부 지원도 확대될 가능성이 크다 여기에 중국 바이오기업을 겨냥한 생물보안법을 유지할 기조를 보여 중국의 빈자리를 두고 ,0
189,종의 기원 김다은의 웹소설 회 ,1,했지만 코로나 방지 마스크 때문에 얼굴을 제대로 볼 수 없는 상황이었다 새 기사의 얼굴을 알 리도 없었다 갑작스럽게 친척이 코로나 로 죽었을까 코로나 로 죽으면 시간이 아니라 시간 안에 화장해야 한다 그래서 ,0
190, 감독부터 주연 조연까지 역대급 캐스팅 트럼프 지지자들 새 내각 열 ,0,특히 보건복지부 장관 후보로 지명된 로버트 케네디 주니어는 코로나 팬데믹 이전부터 백신 사용이 자폐증 등을 유발한다고 음모론을 펴 논란이 됐다 또 법무부 장관 후보로 지명된 맷 게이츠는 세 소녀 성 매수 ,0
191, 이노엔 로슈 타미플루 국내 공급계약 체결,0, 코로나 팬데믹으로 발병률이 잠시 감소했으나 엔데믹 이후 년 넘게 독감 유행이 지속되면서 독감치료제 시장은 점차 성장하는 추세다 곽달원 이노엔 대표는 지난해 인플루엔자 치료제 조플루자 의 유통 및 ,0
192, 이노엔 한국로슈 타미플루 국내 공급계약 체결,1,신종 코로나 바이러스 감염증 코로나 팬데믹으로 발병률이 잠시 감소했으나 엔데믹 이후 년 넘게 독감 유행이 지속되면서 독감치료제 시장은 점차 성장하는 추세다 곽달원 이노엔 대표는 지난해 인플루엔자 치료제 ,0
193,홍콩서 공략 성공한 한투증권 년 인터내셔널 목표 ,0,그러나 코로나 이후 홍콩 법인의 업무 확장에 본격적으로 보폭을 넓히기 시작했다 이때 미래에셋증권에 근무하던 주명 대표를 홍콩 법인에 영입했다 주 법인장이 대우증권 시절 홍콩 주재원으로 근무했던 이력을 ,0
194, 발전기술컨퍼런스 내달 일 대전 서 개최 탄소중립 에너지 ,0, 코로나 로 인해 년까지 년간 온라인으로 진행됐던 발전기술컨퍼런스 가 년 오프라인 개최에 이어 년 만에 다시 오프라인으로 열린다 발전기술컨퍼런스 는 월 일 대전컨벤션센터에서 열리며 ,0
195, 아무도 몰랐다 한약 놀라운 효능 코로나 후유증 잡는다,1,만성 코로나 증후군에 대한 한약의 후유증 완화 효능을 확인했다고 밝혔다 이번 연구는 만성 코로나 증후군으로 인한 피로와 인지기능 저하에 대한 한약의 치료 효과와 안전성을 평가하는 데 중점을 뒀다 연구 ,0
196,이민근 안산시장 옌타이시 대표단 접견 과학기술 등 정책 협력,1,양 도시 간의 이번 대면 만남은 코로나 펜데믹 이후 처음으로 이루어졌다 앞서 지난 년부터 총 일곱 차례의 청소년 국제문화교류사업을 추진 양 도시 청소년들의 글로벌 비전 향상을 위한 현지 청소년 교류 및 역사 ,0
197, 내년 컨선 운임 이상 하락 전망,0, 코로나 사태 발 해운 초호황기였던 년과 년 각각 였던 글로벌 수요공급지수는 년 까지 곤두박질 쳤다가 올해는 홍해 사태를 배경으로 로 소폭 상승했다 김 연구원은 내년에도 ,0
198, 이노엔 타미플루 국내 공급계약 체결,0, 코로나 팬데믹으로 발병률이 잠시 감소했으나 엔데믹 이후 년 넘게 독감 유행이 지속되면서 독감치료제 시장은 점차 성장하는 추세다 곽달원 이노엔 대표는 지난해 인플루엔자 치료제 조플루자 의 유통 및 ,0
199,소상공인 배달플랫폼 진출 홍보지원 온라인 판로확대,0,당시는 코로나 여파로 비대면 소비가 정착돼 배달 앱을 통한 음식 주문이 폭발적으로 늘어나고 있던 때였다 김 대표는 배달 앱 장점을 효과적으로 이용하기 위해 중소벤처기업부와 소상공인시장진흥공단의 온라인 ,0
200, 이노엔 한국로슈 인플루엔자 치료제 타미플루 국내 공급계약 체결,1, 코로나 팬데믹으로 발병률이 잠시 감소했으나 엔데믹 이후 년 넘게 독감 유행이 지속되면서 독감치료제 시장은 점차 성장하는 추세다 이노엔 곽달원 대표는 지난해 인플루엔자 치료제 조플루자 의 유통 및 ,0
201, 이노엔 한국로슈 독감 치료제 타미플루 국내 공급,1, 코로나 팬데믹으로 발병률이 잠시 감소했으나 엔데믹 이후 년 넘게 독감 유행이 지속되면서 독감치료제 시장은 점차 성장하는 추세다 이노엔 곽달원 대표는 지난해 인플루엔자 치료제 조플루자 의 유통 및 ,0
202, 이노엔 한국로슈 인플루엔자 치료제 타미플루 국내 공급계약,1, 코로나 팬데믹으로 발병률이 잠시 감소했으나 엔데믹 이후 년 넘게 독감 유행이 지속되면서 독감치료제 시장은 점차 성장하는 추세다 이노엔 곽달원 대표는 지난해 인플루엔자 치료제 조플루자 의 유통 및 ,0
203,소아청소년병원 입원 는 감염환자 실비 적용 인실 입실 개선 ,0,폐렴 코로나 아데노바이러스 백일해 등 소아감염질환 환자인 것으로 나타났다 입원시 환아 소아청소년병원협회는 코로나 이전에는 입원실 감염환자수가 일반환자 비율과 대 정도였으나 코로나 사태 ,0
204,기계와 생물의 결합 기술문명 속 인간구원을 향한 거대한 의지 세계로 ,1,무서운 속도로 전개되는 자동화와 끝을 모르고 치닫는 자본주의 흑사병에 비유될 정도로 전 세계를 마비시킨 코로나 의 도래는 인류의 종말에 대한 깊은 우려를 낳았다 우리는 어디로 가고 있는가 어디로 가야 ,0
205, 이노엔 한국로슈 타미플루 국내 공급계약 체결,1, 코로나 팬데믹으로 발병률이 잠시 감소했으나 엔데믹 이후 년 넘게 독감 유행이 지속되면서 독감치료제 시장은 점차 성장하는 추세다 이노엔 곽달원 대표는 지난해 인플루엔자 치료제 조플루자 의 유통 및 ,0
206, 이노엔 한국로슈와 독감 치료제 타미플루 국내 공급계약 체결,0, 코로나 팬데믹으로 발병률이 잠시 감소했으나 엔데믹 이후 년 넘게 독감 유행이 지속되면서 독감치료제 시장은 점차 성장하는 추세다 이노엔 곽달원 대표는 지난해 인플루엔자 치료제 조플루자 의 유통 및 ,0
207,내수부진 고용한파에 판매직 만명 급감 팬데믹 수준 육박,0,내수 부진이 길어지면서 판매직 고용이 코로나 팬데믹 기간 수준으로 악화됐다 통계청에 따르면 올해 월부터 월까지 월평균 판매 종사자는 만 천명으로 지난해 같은 기간보다 만명 줄었다 특히 올해 ,0
208,비어 있는 건물들 신도시 중심 상권에 나타난 상가 무덤 지식용어 ,0,임대가 되지 않아 공실로 남아 있는 상가들은 코로나 때 자영업이 직격탄을 맞으며 대폭 늘었다 이제는 코로나 가 성행했을 때 명동의 공실률이 를 넘었던 것에 비하면 상황이 많이 나아졌다 지난해까지만 해도 ,0
209,부산시 감염취약시설 관리 매뉴얼 발간,0, 코로나 팬데믹으로 인해 감염취약시설의 감염관리 중요성이 대두됨에 따라 시설 종사자들의 요구에 맞춘 지침서를 처음으로 제작했다 여 명의 종사자를 대상으로 실시한 조사 결과 종사자 및 입소자 감염관리 ,0
210,주명 한투 홍콩법인장 아시아 지역 금융 거점될 것 ,0,이와 함께 해외 유수 기업이 아시아에서 상장한다고 하면 홍콩으로 오려고 하지 싱가포르로 가는 경우는 없다 며 샘소나이트 프라다 등이 홍콩에 올라와 있고 코로나 이후 위축됐던 기업공개 시장이 올해 ,0
211, 이노엔 한국로슈 인플루엔자 치료제 타미플루 공급계약,0, 코로나 팬데믹으로 발병률이 잠시 감소했으나 엔데믹 이후 년 넘게 독감 유행이 지속되면서 독감치료제 시장은 점차 성장하는 추세다 이노엔 곽달원 대표는 지난해 인플루엔자 치료제 조플루자 의 유통 및 ,0
212, 연말 인사 임박 허민회 그룹 경영지원 대표 내정,0, 년 대표로 지낼 때는 재무 구조를 개선했다 코로나 여파로 가 경영난에 처하자 허 대표는 년 월 대표이사로 투입돼 영화관 체질 개선에 나섰다 ,0
213, 이노엔 한국로슈와 타미플루 국내 공급계약 체결,0, 코로나 팬데믹으로 발병률이 잠시 감소했으나 엔데믹 이후 년 넘게 독감 유행이 지속되면서 독감치료제 시장은 점차 성장하는 추세다 이노엔 곽달원 대표는 지난해 인플루엔자 치료제 조플루자 의 유통 및 ,0
214, 이르면 오늘 인사 경영지원 대표에 허민회 내정,1,또 코로나 여파로 가 경영난에 처했을 때는 허 대표가 년 월 대표이사로 투입돼 영화관 체질 개선에 나섰다 한편 그룹 이번 정기 임원 인사는 소폭일 것으로 전망된다 는 지난해 실적 부진 ,0
215,내수부진 장기화에 판매직도 한파 청년층 직격탄 ,1,줄어든 판매직 만명 중 절반 청년층 내수 부진이 길어지면서 판매직 고용 상황이 코로나 팬데믹 내수 부진이 길어지면서 판매직 고용 상황이 코로나 팬데믹 수준으로 다시 악화한 것으로 나타났다 특히 ,0
216, 분기 화이자 깜짝 성장 빅파마 상당수 매출 컨센서스 상회,1,화이자 코로나 치료제 수요 상승 덕봤다 스텔라라 여전히 전체 매출에 큰 기여 화이자는 매출 컨센서스 억 만 달러를 훌쩍 넘은 억 달러에 분기를 마감했다 특히 코로나 치료제 팍스로비스 ,0
217,퀵커머스의 그늘 위기의 배달 기사와 골목상권,0,배달 수요가 공급을 초과한 코로나 당시 만원 평일 점심 기준 이던 건당 배달비가 현재는 원까지 떨어졌다 현재 배달 플랫폼 기사들의 벌이는 시간당 만 만 원 남짓이다 여기에 고용 ,0
218,임원인사 임박 이르면 오늘 발표 경영지원 대표에 허민회 대표 ,1, 코로나 여파로 가 경영난에 처하자 허 대표는 년 월 대표이사로 투입돼 영화관 체질 개선에 나섰다 그룹의 이번 정기 임원 인사는 소폭일 것으로 예상된다 는 지난해 실적 부진 속에 해를 ,0
219, 엔저 효과 한국 일본 오간 승객 천만명 넘어 역대 최다,0, 코로나 가 풀리면서 해외여행이 꾸준히 늘어나는 추세입니다 이런 영향으로 한국과 일본 관광객 수는 월 기준으로 만 명이 넘습니다 여기에 출발과 도착 기준으로 항공편을 이용해 한국과 일본을 오간 전체 승객 ,0
220,내부 부진 장기화에 팬데믹 수준 고용한파 청년층 직격 ,0,내수 부진이 장기화 되면서 판매직 고용 상황이 코로나 팬데믹 수준으로 다시 악화했다 특히 청년층에 집중된 것으로 나타나 고용시장 활력 저하 우려가 커지고 있다 일 통계청 국가통계포털과 ,0
221,국내 지고 해외 뜨고 희비 엇갈리는 이유는 ,0, 코로나 이후 해외여행 늘로 국내여행 감소 야놀자 여기어때 등 토종 점유율 하락세 아고다 등 글로멀 코로나 이후 해외여행 수요가 급격히 회복하면서 이같은 양상을 보이는 것으로 풀이된다 데이터융복합 ,0
222, 년 만에 자사주 매입 강수 둔 삼성전자 주가 반등 신호탄 될까,0,지난 일 삼성전자는 만 원까지 하락하며 코로나 팬데믹 시절인 년 월 이후 년 개월 만에 만전자 로 추락하기까지 했다 삼성전자의 자사주 매입 결정은 직전 거래일인 지난 일 이후 발표됐기에 ,0
223, 경영지원 대표에 허민회 내정 위기 속 해결사 역할 기대,0, 코로나 로 인해 가 경영난에 빠졌을 때 년 월 허 대표는 대표이사로 투입되어 영화관 체질 개선을 추진했다 그룹은 이번 정기 임원 인사를 소폭으로 진행할 것으로 보인다 지난해 실적 부진 속에 ,0
224,서울시 마을버스 외국인 운전기사 추진,0, 코로나 이후 운수업 종사자들이 상대적으로 급여가 더 높은 배달업으로 빠져나갔다는 분석입니다 시 관계자는 마을버스 기사들의 인력 수급이 쉽지 않다 마을버스 기사들의 고령화도 심각한 상황 이라며 ,0
225,내수부진 장기간 이어지자 판매직 종사자 만명 감소,0,내수 부진이 길어지면서 판매직종에 종사하는 사람들의 고용 상황이 코로나 유행 당시 수준으로 악화한 것으로 나타났다 특히 판매직 고용 악화는 청년층에 집중된 것으로 나타났다 일 통계청 국가통계포털에 ,0
226,정철 나무기술 대표 중소기업 기술 경영 혁신대전 장관 표창 수상,1,특히 질병관리청의 코로나 확진자 데이터 분석 시스템 구축을 통해 공공 부문의 데이터 관리 기반을 마련하는 데 중요한 역할을 했다 또한 메타클라우드 기술을 적용한 스페로 는 멀티 및 하이브리드 ,0
227,내수부진 고용한파 판매직 만명 급감 청년층 직격 ,0,내수 부진이 길어지면서 판매직 고용 상황이 코로나 팬데믹 수준으로 다시 악화한 것으로 나타났다 판매직 고용 한파는 특히 청년층에 집중됐다 통계청 조사 결과 올해 월 월평균 판매 종사자는 ,0
228,김윤 의원 공공의료 강화 법 발의 공공의료 체계 개편 목적,1,특히 공공의료의 중추적 역할을 수행해야 하는 지방 의료원의 경우 코로나 팬데믹 이후 자력으로 회복하기 힘든 재정위기를 겪고 있어 안정적인 운영을 위해 제도 개선이 시급한 상황이다 이를 해결하기 위해 발의된 ,0
229, 초동시각 자율과 관치 모호한 이분법의 함정,0, 년 하반기 문재인 정부는 집값 상승에 이어 코로나 구제금융으로 가파르게 늘어난 가계부채를 잡기 위해 금융사별로 대출 증가율을 최대 로 제한하는 이른바 대출 총량규제 를 단행했다 치솟는 집값을 ,0
230,숙명여대 송승현 교수 디지털 헬스케어 스타트업 소노럭스헬스테크 팁 ,0,이 시스템은 코로나 인플루엔자 등 생활공기 중의 바이러스 위험도를 스마트폰으로 제공해 각종 질병을 미리 예측하고 대응할 수 있도록 돕는다 이는 감염 취약 계층을 보호하고 공공보건 향상에 크게 기여할 것으로 ,0
231,팬데믹 수준 고용한파 내수부진에 판매직 만명 줄어,0,내수 부진이 길어지면서 판매직 고용 상황이 코로나 팬데믹 수준으로 다악화한 것으로 나타났다 특히 청년층에 판매직 고용 악화 여파가 집중된 것으로 나타나 우려가 커지고 있다 일 통계청 국가통계포털과 ,0
232, 더벨 인베스트먼트 티디에스팜 엑시트 잭팟 ,0,그러나 투자 이듬 해인 년 코로나 가 확산되며 상황이 급변했다 전 세계적인 경기 침체 우려가 나왔고 되레 코로나 기간 테니스 골프 러닝 등 실외 스포츠 문화가 발전하면서 젊은 층의 파스 수요도 증가하게 ,0
233, 대 여성 사회불안 범불안 공황발작 경험 최다 대 남성 자살 ,1, 국민들의 걱정 수준 매우 높게 조사돼 이번 조사를 통해 코로나 기간 동안 높아진 불안 위험군 우울 위험군이 판데믹 상황이 종료된 이후에도 여전히 높은 수준으로 지속되고 있는 것으로 확인됐다 또한 ,0
234,원미동 사람들과 주치의의 동행 따뜻한 돌봄 만들고파 ,1, 코로나 가 발생했을 때는 병상 부족 사태를 보며 공공병원의 필요성을 알렸다 코로나 가 끝난 뒤에는 시민단체들을 모아 공공병원 설립 시민추진위원회를 만들었다 하지만 공공병원의 필요성에 대한 관심은 이미 ,0
235, 조선 방산 전력기기 트럼프 기 호재 많지만 변동성 커질 것 신한,0,이 연구원은 트럼프 기는 금리 상승기였고 리쇼어링이 캐치프라이즈 구호 에 그쳤다 며 현재는 코로나 전쟁 빆테크 기술 혁신 등으로 북미 제조 투자와 전력 인프라 투자 방향성이 확고해졌다 고 말했다 이 ,0
236, 경영지원 대표에 허민회 내정 이르면 오늘 인사,1, 코로나 여파로 가 경영난에 처하자 허 대표는 년 월 대표이사로 투입돼 영화관 체질 개선에 나섰다 그룹의 이번 정기 임원 인사는 소폭일 것으로 예상된다 는 지난해 실적 부진 속에 해를 넘겨 ,0
237, 더벨 공백 채운 아워홈 힘 실렸다,1,아워홈의 실적 추이를 살펴보면 년 매출 조 억원 영업이익 억원에서 이듬해 코로나 로 외형과 수익성이 모두 역성장하며 위기를 맞았다 그러다 년 년 반에 흑자전환에 성공하며 내실 성장을 이어오고 ,0
238, 데스크시각 기업 구조조정은 또 다른 시장 밸류업,1, 코로나 가 확산했던 년 보다 낮은 수치다 영업 이익률은 년 연속 하락세를 거듭하며 매출액 대비 파산을 신청한 곳은 코로나 위기가 닥치기 전인 년에 비해 두 배 이상 많다 법원행정처에 따르면 ,0
239, 꾸준히 사 모으면 부자 된다고요 뼈아픈 국장 탈출은 지능순 ,0,김소영 금융위원회 부위원장은 일 외신기자 간담회에서 코로나 가 끝나고 코스피가 에 근접했던 건 버블에 가까운 상황이다 그 전엔 대에서 움직였다 고 말해 국내 투자자의 빈축을 샀다 이사회가 개인 ,0
240, 월호 로즈 시대 이후의 시카고 그들의 발자취,1, 시즌 승 패를 기록하고 있던 도중 코로나 로 인해서 리그가 중단됐다 이후 다시 리그가 재개되기는 했지만 하위 개 팀으로 분류되어 있던 시카고는 그대로 시즌을 조기에 마감해야 했다 리그가 중단이 된 ,0
241,오상기 현대바이오 대표 유상 증자 후 즉시 무상증자 진행 ,1,현대바이오는 범용 항바이러스제 제프티로 모기 매개 바이러스 감염증인 뎅기열 지카 치쿤구니야는 물론 코로나 인플루엔자 바이러스 감염증 등 계열과 종을 달리하는 여러 바이러스 감염증을 대상으로 ,0
242,박정관 국립원예특작과학원 원예작물부장 현장 인터뷰,0, 코로나 팬데믹 세계 경제 위축의 영향도 있지만 현재 주요 단감 수출국인 동남아시아에서는 고온의 유통 환경에 맞는 수확 후 품질 관리가 잘 이루어지지 않고 있다 유 통 중 품질 저하로 상품성이 떨어진다 따라서 ,0
243, 어린이에게 희망을 중증 지적 뇌병변 장애 앓는 열네 살 재연이 세 ,1,호흡기도 일반 사람들보다 많이 문제가 발생하는데 코로나 때는 호흡이 안 돼 응급차를 하루에 한 번 이상 타기도 했다 고 말했다 엄마의 외벌이로 경제적 부담 커 인 가구인 재연이네는 평소 아빠가 재연이를 돌보고 ,0
244, 더벨 은 지금 보수적 투자 기조 가 만든 본업 경쟁력 저하,0,비축한 현금을 바탕으로 코로나 위기를 견뎌냈고 이러한 기조가 이어지고 있다 문제는 카지노업계 은 보유 실탄을 활용해 코로나 등 위기를 넘겼다 년 영업활동 현금흐름이 마이너스 로 돌아서자 ,0
245, 외국인 마을버스 기사 필요 만성 인력난에 비자발급 추진,0, 코로나 이후 운수업 종사자들이 상대적으로 급여가 더 높은 배달업으로 빠져나갔다는 분석이다 이에 신규 채용시 버스 운전 경험 나이 제한을 없애는 추세지만 입사한 뒤 금방 퇴사한다고 한다 시내버스 기사에 비해 ,0
246, 코스피 손익비 유리한 구간 용기 낼 시점 ,1,조 연구원은 과거 경험상 금융위기나 코로나 등의 상황이 아니라면 배 정도에서 바닥이 잡히며 추가적인 하락이 제한됐던 경험이 대다수 라며 이를 대입하면 선까지가 경험적으로 이야기할 수 있는 ,0
247,내수부진 고용한파에 판매직 만명 급감 절반이 청년층,0,내수 부진이 길어지면서 판매직 고용이 코로나 팬데믹 기간 수준으로 악화됐습니다 통계청에 따르면 올해 월부터 월까지 월평균 판매 종사자는 만 천명으로 지난해 같은 기간보다 만명 줄었습니다 특히 ,0
248, 코스피 실적 기대 더 낮아져야 추가 하락은 제한적 ,0,허 연구원은 개월 예상 기준 주가순자산비율이 배를 하회한 것은 코로나 당시를 제외하면 찾기 어렵다 며 하락 폭은 점차 진정될 것 이라고 밝혔다 허 연구원은 년 월 미 중 관세 분쟁 당시 업종을 ,0
249, 단독 셀트리온 인니 의약품 유통 계약 체결 동남아 공략 박차 ,0,앞선 년 셀트리온은 으로부터 코로나 바이러스감염증 코로나 항체치료제 렉키로나 성분명 레그단비맙 의 긴급사용승인 를 승인받았다 해당 제품의 유통사는 지난 년 셀트리온과 바이오시밀러 ,0
250,차보험 흑자 적자 기조 채널서는 매년 손실,0, 코로나 가 확산한 이후 전반적인 차량 운행량이 감소했고 손보사들이 손해율 관리에 힘을 써왔기 때문이다 자동차보험은 지난 년 첫 흑자를 달성한 이후 적자를 지속하다 년 다시 년 만에 흑자로 돌아섰다 ,0
251,정치의 사법화 논란 윤석열 부부 공천 개입 의혹도 이재명만큼 털 ,0, 년 전인 년에는 만 명 코로나 팬데믹 이전인 년에는 만 명이었다 년 이상 쉬었다는 비중이 년 에서 년 로 년 로 올해는 까지 꾸준히 늘어나는 추세다 우석진 명지대 교수 은 노동 시장 ,0
252, 모닝 경제 브리핑 월 일 증시 금리 불확실 속 기술주 주도 ,0, 코로나 백신 제조사 모더나 와 노바백스 는 이상 화이저 와 아스트라제네카 는 대 각각 밀렸다 지난 일 국제에너지기구 의 월 석유 시장보고서에 따르면 중국의 경제 ,0
253,한국 이민자 증가율 위 미국처럼 이민자 문제 부각하나,1, 코로나 팬데믹 이후 선진국 인력 수요 급증으로 지난해 선진국으로의 합법적 이민이 사상 최대를 장크리스토프 뒤몽 국제이주부서장은 이민 증가 추세엔 코로나 이후 강력한 경제 회복에 따른 노동력 ,0
254,내수부진 판매직 만명 청년층 만명 급감 코로나 수준,0,이는 코로나 팬데믹 수준으로 악화된 것이다 특히 판매직 고용 한파로 청년층 고용은 만명가량 감소돼 고용시장 활력 저하 우려가 커지고 있다 일 통계청 국가통계포털과 경제활동인구조사 마이크로데이터에 ,0
255, 주가 급락 신주 만주 추가 상장,1,광케이블 분야는 프랑스 수출을 주력으로 해왔지만 코로나 이후 현지 경기 악화로 사업이 중단됐다 지난해 월 다산네트웍스가 우크라이나의 전력망 및 통신망 재건 지원 사업에 참여하겠다고 밝히면서 시장에서 ,0
256,트럼프 시대의 투자 여전히 미국이 유리해 보인다,0,지난 트럼프 집권기인 년부터 년 초까지 금융 자산 가격의 움직임을 보면 집권 초기와 중반 코로나 년 말 기준 수준이었던 지수와 코스피는 코로나 사태 직전인 년 말에 각각 을 ,0
257, 보험으로 보장되는 펀드라면서요 윤현철의 ,1, 코로나 사태가 발생하자 동아시아 원자재 무역의 매출채권 회수가 곤란해지는 사태가 여럿 발생했다 심지어는 펀드에서 투자한 매출채권 자체가 처음부터 존재하지 않았거나 부실 채권이었던 경우도 확인됐다 ,0
258,롯데 올해도 쇄신 인사 할까 하이마트 향방은,1, 코로나 사태 이전인 년 였던 롯데하이마트의 가전 시장 점유율이 지난해 대로 떨어지면서다 그러나 롯데하이마트 경쟁력이 줄어든 건 남 대표만의 문제로만 볼 순 없다는 의견도 있다 고물가와 경기 침체에 ,0
259, 대 증권사 리서치센터에 물었다 증시 전망과 대응 전략은 ,0,제조업 바이오 금융 등 수혜 대중국 정책 반사이익 주시 윤 센터장은 단 재정법안이 통과되는지 여부가 중요하다 며 양원 모두 공화당이 다수당을 확보하면서 정책 추진력이 높아질 것으로 보이고 코로나 ,0
260, 세상보기 배달앱이 가야 할 상생의 길 ,1,배달시장은 년 최초의 배달앱이 출시된 후 꾸준히 성장세를 유지하다가 코로나 로 외출이 제한되며 코로나 시절 소상공인 자영업자는 물론 집밥에 물린 많은 이들의 구원투수와도 같았던 배달앱이 어쩌다 ,0
261, 팬데믹 수준 고용한파 판매직 만명 청년층 직격 ,0,내수 부진이 길어지면서 판매직 고용 상황이 코로나 팬데믹 수준으로 다시 악화한 것으로 나타났다 판매직 고용 한파는 특히 청년층에 집중된 것으로 나타나 고용시장 활력 저하 우려가 커지고 있다 일 통계청 ,0
262,단순 감기인줄 알았는데 무섭게 퍼지는 이 병 ,1,폐렴 코로나 백일해 등 감염병이라는 조사 결과가 나왔습니다 오늘 일 대한소아청소년병원협회에 협회는 코로나 유행 후 다양한 소아 감염병이 유행하면서 입원 환자가 급증하는 추세라며 앞으로도 ,0
263,팬데믹 수준 고용 한파에 판매직 직격탄 맞았다,0,내수 부진으로 판매직 고용 상황이 코로나 팬데믹때 수준만큼 악화한 것으로 나타났다 특히 청년층에 판매직 고용 악화 여파가 집중된 것으로 나타나 우려가 커지고 있다 일 통계청 국가통계포털과 ,0
264,노랑풍선 공동창업주 세 임원 달고 글로벌 공략 특명 ,0,노랑풍선 관계자는 경영기획본부와 마케팅본부에서 전략적 경험을 쌓은 고원석 이사와 최선호 이사는 코로나 펜데믹 이후 재편되는 글로벌 여행 시장에서 노랑풍선의 새로운 성장 모멘텀을 확보하는 데 중요한 ,0
265,현대 주가 급락 최대주주 제프티 폴리탁셀 임상비 억 유상증자 ,1, 코로나 뎅기열 롱코비드 연구개발비 및 임상시험비에 사용할 예정이다 현대바이오 측은 폴리탁셀 췌장암 의 경우 국내 임상 상 임상 상 호주 임상 상 코로나 의 경우 국내 임상 상 ,0
266,고금리에 죽어나겠다 중기인들 하소연하는데 은행들 이자장사는 호황,0,기업은행 관계자는 정부의 상환 유예 정책이 코로나 중단된 점과 금리 상승 대외적 위험 요인이 많은 경기 상황이 맞물리면서 중소기업 연체율이 많이 올랐다 고 설명했다 연체된 금액도 년 억원으로 ,0
267,생활필수품 넘어 가구 가전 설치 장보기 배달까지 확대,0,수수료 배송 인력난 문제도 국내에서 벌어진 첫 배송 경쟁은 코로나 시기였다 오프라인 유통채널을 코로나 시기 평일 점심 기준 최대 만원을 넘었던 건당 배달비는 현재 원 수준으로 낮아졌다 인력 이탈이 ,0
268,현대바이오 주가 급락 제프티 폴리탁셀 임상비용 조달 억 유상증 ,0, 코로나 뎅기열 롱코비드 연구개발비 및 임상시험비에 사용할 예정이다 현대바이오 측은 폴리탁셀 췌장암 의 경우 국내 임상 상 임상 상 호주 임상 상 코로나 의 경우 국내 임상 상 ,0
269,인천시립체육시설 체납금 억 소송 건 혈세먹는 하마 ,0,이 같은 입주 업체들은 코로나 이후 수익성이 떨어지면서 운영에 어려움을 겪는다며 임대료를 내지 못하고 있다 실제로 코로나 가 발생하기 전인 지난 년 평균 이던 운영수지율이 현재 에 그치면서 억원 ,0
270,내수부진 고용한파 판매직 만명 급감 청년층 직격 ,0,감소폭 다시 만명 웃돌며 팬데믹 수준 육박 청년층만 만명 줄어 재화소비 최장 감소 판매직 타격 정부 고용 목표 달성 불투명 내수 부진이 길어지면서 판매직 고용 상황이 코로나 팬데믹 수준으로 다시 ,0
271,소청과병원 입원환자 이상 소아감염환자 차지,0, 코로나 사태 이후 소아청소년과병원에 입원한 환자 명중 명 이상이 마이코플라즈마 폐렴 코로나 아데노바이러스 백일해 등 소아 감염질환 환자인 것으로 드러나 소아감염질환 확산 및 예방을 위한 대책 마련이 ,0
272,허가 평가 협상 호 콰지바 우여곡절 끝에 급여 등재,1,또한 코로나 약제 등재로 인해 월 약평위 날짜가 앞당겨지면서 상정이 늦춰지는 등 우여곡절을 겪었다 예상보다 늦어지는 급여 등재에 회사가 한국희귀 필수의약품센터에 비급여 공급 계획을 통보하기도 했다 ,0
273,임기만료 제약 실적 희비 보령 장두현 삼진제약 최용주 웃고 동 ,0,또 올 여름 코로나 재유행과 독감으로 시네츄라 등 호흡기용제 매출이 억 원으로 증가했다 건기식 부문은 억 원의 매출을 올렸다 년과 년 안국약품의 건기식 부문 매출 합은 억 원에 불과했다 ,0
274,류중일 영욕의 국대 사령탑 역사 참사 금메달 금메 ,0, 코로나 로 년 늦은 년에 열렸다 여기서도 대만과의 예선서 로 패한 뒤 결승서 으로 겨우 이기고 금메달을 따냈다 년에만 두 차례나 출격했다 월 일본 도쿄돔에서 열린 아시아프로야구챔피언십이었다 ,0
275, 글로벌 리포트 지구에 대해 뭐든 물어봐 미 항공우주국 와 ,1,나사는 자체 보유한 데이터를 에 학습시켜 어스 코파일럿 이 허리케인이 사니벨 섬에 미친 영향은 이나 코로나 가 미국의 대기질에 미친 영향은 같은 질문에 대답할 수 있도록 했다 더버지는 나사가 어스 ,0
276,소아입원환자 감염병 유행 다인실 중복감염 주의해야 부모 백과사전 ,0,신종 코로나 바이러스 감염증 코로나 이후 소아청소년병원에 입원한 환자 명 중 명 이상이 마이코플라스마 폐렴 코로나 아데노바이러스 백일해 등 감염병이라는 조사 결과가 나왔다 한 소아과에서 ,0
277, 토마토레터 제 호 두 남매 각자의 신세계 개척 여정에,1, 코로나 시기를 지난 년에는 조 억원으로 사상 최대 연간 매출을 달성했습니다 지난해 기점으로 이런 기세는 한풀 꺾였는데요 온라인이 유통산업을 대체하면서 백화점이 어려움을 겪고 있기 때문입니다 이에 ,0
278,감염질환 교차감염 무방비 소아청소년병원 인실 늘려야 ,0,아동병원들이 코로나 팬데믹 이후 증가한 소아청소년 감염병 환자 대응을 위해 일반병상 의무보유 비율 열어 코로나 이후 다양한 소아감염질환이 유행하면서 소아감염질환 입원환자 수도 급증하고 있다 ,0
279, 수첩 약사회 선거 승리를 넘어 화합이 우선이길,1,세 후보는 모두 약사사회의 지난한 현안인 한약사 문제 성분명 처방을 비롯해 코로나 이후 지속되고 있는 품절약 문제 해결을 자신이 제일 잘 할 수 있다면서 지지를 호소하고 있다 해당 문제와 관련한 해결 방향성이나 ,0
280, 역성장 빠진 명품왕국 아르노 자녀 내세워 경영진 재편,0, 는 올해 분기 글로벌 매출 억 만 유로 약 조원 를 기록했는데 이는 코로나 가 한창이던 년 분기 이후 최악의 분기 실적이자 전년 대비 줄어든 수준이다 특히 와인 및 주류 부문인 모엣 헤네시의 올해 ,0
281,특급호텔 멤버십 힘주는데 한화 객실 줄인 더플라자 유료 멤버십도 ,1, 코로나 팬데믹으로 실적이 악화한 이 호텔은 일부 객실을 사무실로 전환해 본사로 활용하는 등 수익성 그러나 코로나 팬데믹 이후 숙박객이 줄며 수익성이 악화했다 업계에 따르면 더플라자호텔은 코로나 가 ,0
282, 엇갈린 개 생보사 미래에셋생명 한화생명 저 배당 ,0, 도 경쟁사와 비교해 코로나 시기 가파른 하락세를 보였다 도입 후 순자산을 회복했지만 주가는 여전히 반등하지 못하고 있어서다 이는 과거 판매한 고금리 확정형 상품이 여전히 발목을 잡고 있기 ,0
283,소아청소년병원 소아감염질환 유행 위기 더 거세질 것 ,0,폐렴 코로나 아데노바일스 등 다양한 감염병 종류가 열거돼 있다 며 코로나 이후 아이들이 한 가지만 감염되는 게 아니라 제 환자 중에는 가지 바이러스가 검출된 경우도 있었다 며 다인실 수용 시 병실 내 교차감염 ,0
284, 회 스케일링 건보 혜택 누리려면 연말까지 받아야,0, 급여 적용 현황 단위 명 억원 등록자 접수일 기준 총진료비 급여비 지급일 기준 년 월 코로나 확산에 따라 증가율이 감소한 것으로 보임 보험급여를 받으면 대부분 본인 부담금으로 만 천 만원 ,0
285,메이지세이카파마 아칼리스에 출자,0,양사는 코로나 백신 개발에 사용된 기술 활용으로 제휴한다 아칼리스는 미나미소마시 거점에서 메이지세이카파마는 코로나 변이형에 대응한 백신인 코스타이베 의 승인을 지난 월 취득하고 ,0
286,팬데믹도 넘은 그냥 쉬어요 만명 일자리 정책 바꿔야 ,0,이는 월 기준 역대 최대치로 코로나 팬데믹 초기였던 년 기록한 만 명을 넘어선 수치다 비경제활동인구 내 쉬었음 인구 비중도 로 전년 동월 대비 포인트 증가했다 쉬었음 인구는 통계청 ,0
287,네이버의 맞춤 건강관리 서비스 접목 약국모델도 제시,1, 코로나 시기 지자체들이 환자 상태 파악을 위해 확인 전화를 걸었는데 이를 대체할 서비스로 처음 구상됐다 가 전화를 걸어 대화 후 돌봄담당자에게 리포트를 전달하는 방식으로 일부 지자체에서 서비스가 이뤄지고 ,0
288, 티메프 여진 에 발목 잡힌 분기 여행사 실적 월 황금연휴가 살렸다,1, 코로나 팬데믹 이후 업황이 회복하면서 송출객이 늘면서 실적 호조로 이어진 것으로 풀이된다 다른 여행사도 비슷한 상황이다 모두투어의 매출은 억 원으로 증가한 반면 영업이익은 억 원으로 ,0
289,허영인 회장에게 꼼꼼함 배운 이 남자 대표치킨 꿈꾼다,0, 코로나 팬데믹 시절 유명 연예인을 활용해 수백억원을 광고에 투자했지만 오히려 매출이 줄었다 트렌드에 맞춘 새로운 메뉴도 선보였지만 성공하지 못했다 박 대표는 신메뉴들은 오히려 바른치킨의 ,0
290, 열정페이 로 하는 중환자 재활치료 이제야 수가 신설 논의,1, 코로나 팬데믹으로 후진국형 중환자실 의 현실이 드러나면서 제도도 바뀔 줄 알았다 하지만 지금도 변화는 없다 그래도 논의는 시작했다 대한중환자재활학회는 지난 일 보건복지부와 간담회를 갖고 중증환자 ,0
291,반도체만 주 시간 예외 비효율적 규제 경쟁력 다른 의도 ,0,이 대변인은 코로나 당시에도 마스크 생산 업계에 예외를 허용해 다른 분야까지 규제가 풀리는 일이 발생했다 고 했다 전호일 전국민주노동조합총연맹 민주노총 대변인도 반도체 산업의 부진은 노동시간의 부족 ,0
292,토비스 주가 급등 스텔란티스 납품 전망 전장사업부 해외 고객사 ,0,김성호 하나증권 연구원은 카지노 슬롯머신 향 게이밍 디스플레이 산업은 토비스를 비롯한 소수 업체의 과점 시장 이라며 토비스는 글로벌 톱 티어 고객사 향 점유율과 레퍼런스를 지속 확보해왔기에 코로나 ,0
293, 웹툰 의 게임화 성공 기술이 바꿀 미래상 엿봐,0, 코로나 이후 얼어붙었던 게임시장은 지적재산권 와 플랫폼 다각화 라는 두 날개로 침체기를 딛고 날아올랐다 기반 게임의 성공 신화를 쓴 주인공은 넷마블이었다 넷마블은 지난해 분까지 연속 ,0
294, 코로나 이후 소아청소년병원 입원 환아 명 중 명 이상 소아감염 ,0,최근 백일해로 사망하는 환아가 발생한 가운데 코로나 이후 소아청소년병원에 입원한 환아 명 중 명 최용재 회장은 코로나 이전에는 입원실 감염환자수가 일반환자 비율과 대 정도였지만 코로나 이후 ,0
295, 문화 역사를 말랑말랑하게 평생 읽을 책 다 읽은 것 같아요 ,1, 벌거벗은 세계사 는 코로나 팬데믹으로 발이 묶인 시청자들이 안방에서 세계 여행을 하는 콘셉트로 기획됐다 항공기 안에서 스토리텔링이라는 서비스를 제공하는 셈이다 김 는 전작인 뇌섹시대 문제적 ,0
296,서울시 마을버스 외국인 운전기사 고용 추진,0,신종 코로나 바이러스 감염증 코로나 사태 이후 운수 종사자 부족 비율은 급격히 늘었다 운수업 종사자들이 급여가 높은 배달업으로 대거 이탈했기 때문이다 서울시마을버스운송조합에 따르면 마을버스 대당 적정 ,0
297,전세계 팔린 대중 대는 인공지능 재도약 준비하는 업계,1, 보급 확대가 코로나 엔데믹 이후 부진에 빠진 시장에 활력을 불어넣고 있다는 분석이다 글로벌 시장조사업체 카날리스에 따르면 올해 분기 글로벌 탑재 출하량은 전 분기 대비 증가한 ,0
298,한 일 항공편 이용객 만명 돌파,0,종전 최다 이용객 수는 코로나 이전인 년 기록한 만명이다 올해 월평균 한일 노선 이용객 수가 만명 안팎인 점을 고려하면 이달 중 연간 최고 기록을 넘어설 것으로 예상된다 일본 여객 수요가 이같이 ,0
299,손보사 분기까지 순이익 호실적 이어져,1,또 분기 유행성 질환 코로나 수족구병 폐렴 등 증가 영향도 한몫했다 손해보험은 올 분기 누적 당기순이익이 조 억원으로 지난해 동기 대비 증가했다 올 분기 장기보험 손익은 억원으로 년 ,0
300, 제 회 대학생 아이디어 공모전 보험산업 발전 위한 대학생들의 창의성 ,0, 보험산업 발전을 위한 대학생 아이디어 공모전 은 년부터 년까지 코로나 로 인해 일본과 중국의 대학생들이 불참한 채 진행됐지만 지난 제 회 본선 대회부터는 한 중 일 보험산업의 미래를 이끌고 갈 예비 ,0
301, 중국 자동차보험시장에 감도는 전운 기업 중국 보험시장 직접 ,1,중국 전기차 선두 기업 중 하나인 샤오펑은 년 월 만 위안을 투자해 광저우 샤오펑보험대리유한공사를 설립했지만 코로나 사태 기간 경영난을 이겨내지 못하고 년 보험대리업 허가증을 반납했다 일부 ,0
302,비행기 타고 한일 여행 만명 돌파 는 한국서 일본행,1,지금까진 코로나 전이었던 지난 년의 만명이 최다였다 올해 월평균 만명씩 양국을 오간 점을 년 대대적으로 일본 불매 운동 바람이 불었고 이듬해부터는 코로나 까지 겹치면서 수년간 적자가 ,0
303, 뉴스룸에서 년반 전보다 나아졌나,0, 코로나 이후 물가 고점도 미국 이 유로존 이나 영국 보다 낮았지만 집권 민주당에 대한 삼성전자는 코로나 에 따른 불안감이 커지던 년 월 이후 년 개월 만에 만전자 를 찍었다 성장률 전망을 ,0
304, 개 개 편의점 해외 점포 호 시대,0, 리테일 관계자는 카자흐스탄은 코로나 를 겪으며 근거리 쇼핑에 대한 수요가 늘고 있다 며 한국 편의점이 이러한 현지 수요를 공략하고 있다 고 말했다 현지 입맛에 맞춘 편의점 음식 편의점 은 ,0
305, 사설 트럼프 스톰 에 내수 불황까지 사방에 경제 먹구름,0,대외 악재뿐만 아니라 내수 침체는 코로나 사태 때보다 더 나쁘다는 게 현장의 아우성이다 그야말로 시장에 나가 보면 코로나 사태 때보다 장사가 더 안된다 는 한숨이 곳곳에서 들려온다 내년 월 일 트럼프 ,0
306,류중일호 강도 못 갔다 초대 우승팀의 몰락 준우승 다음은 대회 최 ,0,신종 코로나 바이러스 감염증 코로나 을 이유로 연기돼 년 만에 열린 이번 대회에서는 시작부터 불안한 조짐이 감지됐다 이번 대표팀은 시작부터 주축 선수들이 부상으로 이탈하며 기대치를 낮췄다 지난달 일 ,0
307,불체자 유입 방지 위한 실제 효과는 갸우뚱 ,0, 코로나 이전 두 국가의 월평균 방한관광객수는 각각 만 명 만 명이었지만 현재 각각 만 명 만 명으로 감소했다 일본은 와 유사한 제도를 도입하는 방안을 논의 중에 있으나 방일 관광객수 ,0
308,중국 캐나다 하늘길 해빙기 항공편 주당 배 증가,0,다만 코로나 이전 중국과 캐나다 양국 간 주당 항공편 수가 회 사이에 달했던 만큼 주 편은 여전히 부족한 규모다 하지만 항공 업계에서는 양국 간 항공편이 단계적으로 회복될 것으로 전망하고 있다 ,0
309,함평서 산림조합 한마음대회 개최,0,광주 전남 산림조합 한마음대회는 년부터 년까지 회 연속 개최했으나 코로나 로 중단됐다가 재개됐다 산림조합 임직원과 임업인의 결속력을 다짐하는 장으로 진행됐다 김영록 지사는 산림은 대표적 ,0
310,불황 터널 갇힌 면세업계 신세계디에프 희망퇴직 나선다,1,면세점에 부는 칼바람 코로나 가 끝나면 상황이 나아지길 기대했지만 면세 업계 불황의 터널은 끝이 코로나 이전인 년 월 방한 외국인 만 명 수준을 회복한 것이다 하지만 면세점을 방문한 외국인 수가 ,0
311,우아한형제들 배민외식업컨퍼런스 사전 참가 신청 정지선 임태훈 셰 ,1, 년 코로나 로 장사에 어려움을 겪는 사장님들을 위해 시작해 년까지는 온라인으로 작년에는 온 오프라인을 병행해 진행됐다 그간 총 만명이 참여하고 외식업과 가게 운영 배민 앱 사용 등에 대한 인사이트를 ,0
312,활력있는 서산시 건설 위한 다양한 활동 추진,1, 의학칼럼 혈관건강과 동맥경화 통계청 발표에 의하면 년 국내 대 사망원인은 암 심장질환 폐렴 뇌혈관질환 자살 알츠하이머병 당뇨병 고혈압성질환 패혈증 코로나 이다 이중 심장질환 뇌혈관질환 당뇨병 ,0
313,소아 청소년 입원 명 중 명 감염질환 인실 시급 ,0,이에 따르면 코로나 이후 입원환자 명 중 명 이상은 마이코플라즈마 폐렴 코로나 아데노바이러스 백일해 등 소아감염질환 환자인 것으로 나타났다 특히 입원 비율이 가장 높은 질환은 마이코플라즈마 ,0
314, 발언대 아동의 목소리에 귀 기울여 주세요,0,매년 아동의 수는 줄고 있지만 아동학대 신고에 대한 대대적인 홍보와 언론을 통한 국민적 관심 및 인식 제고 코로나 대유행 등에 따른 가정 내 활동 증가 등의 요인으로 아동학대 신고는 오히려 최근 몇년 간 급증하는 ,0
315, 경기도만 버스요금 년째 동결 자본잠식 빠진 업계 인상 호소 ,0,지난 년 이후 요금 동결을 유지해 오고 있지만 물가 인건비 상승에 코로나 이전 수준으로의 회복이 되지 않는 점 등이 겹치며 적자 누적이 심각한 상황이라는 게 업계 전반의 입장이다 일 ,0
316, 군대 빠지려는 사람 이렇게 많다고 매년 늘어나는 이유 있다는데,0,이같은 병역기피자의 증가는 코로나 여파로 입영 연기 규정을 완화해줬던 측면이 일부 있기는 하다 하지만 인구 감소로 입영 대상 병역자원이 급감하는데도 병역기피자가 늘고 있다는 점이 문제다 현역병 ,0
317,한 중 일 동아시아공항연합 차 연례회의,0, 소속 회원 공항이 순서대로 연례회의를 개최하며 올해는 한국공항공사 주관으로 코로나 이후 년 만에 대면회의를 진행했다 지난 일 열린 연례회의는 한국공항공사 인천국제공항공사와 중국수도공항그룹 ,0
318, 경인 경기도와 질긴 악연 쏠린 눈 ,1,신천지 뿔났다 대관 취소 규탄 집회 만 천명 집결 관련 도민청원 만명 거센 반발 코로나 시절 코로나 로 시작된 경기도와의 갈등 경기도와 신천지예수교회가 부딪친 건 지난 년으로 거슬러 올라간다 ,0
319,포항문화재단 문화로 촘촘한 안전망 구축 안전운동회 안전박람회 ,0,그동안 포항문화재단은 문화안전망 구축사업을 통해 지진과 코로나 에 이어 태풍 힌남노 등의 재난을 겪은 포항이 안전도시로 나아가는 과정에서 시민이 아동기부터 성인이 될 때까지 생애주기적 안전의식을 함양할 수 ,0
320,유럽 소비자 사로잡은 이도발효한차 시장 공략 잰걸음,0, 코로나 종식 이후 덴마크 소비자들이 쉽게 이도발효한차를 접할 수 있도록 다양한 유통 채널을 확보하는 데 주력했다 특히 코펜하겐의 무인양품 입점은 미니멀리즘을 추구하는 덴마크 소비자들에게 ,0
321,치솟는 치킨값 육계값 하락 부추겨,0,양계업계에서는 정부의 수입 닭고기 할당관세 유지 코로나 여파 등 경기침체 장기화로 인한 외식 등 소비 위축 매년 경쟁하듯 치킨 가격을 올려 닭고기 소비를 둔화시키고 있는 치킨 프랜차이즈 등을 육계 산지 ,0
322,충북도민대상에 이두영 김우진 함상식 정민환 김진현씨 선정,0,청주상공회의소 대 회장으로 코로나 팬데믹 등 위기 속 충북경제단체협의회를 결성하는 데 중추적 역할을 했다 아름다운 가게 억 천만원 기부 아너 소사이어티 억원 기부 약정 충북대 억원 기탁 등 기부를 ,0
323, 조합원 채용 요구 공사 방해 민노총 노조원 징역형,0,이들은 또 코로나 시국이던 당시 인 이상 참가하는 집회를 진행 집합제한 금지 조치를 위반한 혐의도 있다 법정에 선 피고인들은 강요를 공모하지도 않았고 협박한 사실도 없다 며 채용을 위한 교섭을 요구하는 ,0
324,나사 풀린 공직기강 예천군 직원 음주운전 왜 이래 ,0,이날 시 분쯤 예천군청 급 공무원 황모 씨가 술을 마신 후 운전대를 잡고 신호대기 중 정차한 상태로 잠이 들어 신고를 받고 출동한 경찰에 적발됐다 예천군 공무원의 음주추태는 코로나 비상상황에도 벌어져 ,0
325,한우불고기축제 추진 정상화 머리 맞대,0,지난해 년 만에 봉계 한우불고기축제가 개최되며 코로나 팬데믹 가축 질병으로 열리지 못하던 축제의 부활을 알린 데 반해 올해 예정된 언양 한우불고기축제의 개최는 번영회 회원업소의 동참 부족과 의견 불일치 ,0
326, 울산과학관 예산 배 늘고도 방문객은 급감 ,0,권 의원은 과학관 예산은 년 억 천만원에서 꾸준히 늘어 올해는 본예산만 억 천만원으로 배 이상 늘었다 며 그러나 방문객은 년 년까지 연간 만명대를 유지하다 코로나 이후 감소해 현재 만명 대 ,0
327, 르포 울주군 소나무 재선충병 현장 가보니 ,0,아울러 코로나 펜데믹 당시 줄어든 방제 예산도 영향을 끼쳤을 것으로 보인다 울주군은 년 억원을 재선충병 방제예산으로 투입했다 하지만 코로나 팬데믹 당시 예산이 크게 줄어 년 억원 년 억원 년 ,0
328,서울시 외국인 마을버스 운전기사 채용 방안 추진,0,신종 코로나 바이러스감염증 코로나 사태 이후 운수 종사자 부족 비율은 급격히 늘었다 운수업 종사자들이 급여가 높은 배달업으로 대거 이탈했기 때문이다 서울시마을버스운송조합에 따르면 마을버스 대당 적정 ,0
329, 사설 외국인에 의존 조선업 국내 인력 키워야,0,이러한 현상은 조선업 불황과 코로나 유행이 겹치면서 일감이 급격히 감소할 때부터 이미 예견된 일이었다 한때 세계 위였던 한국의 조선업은 년대 중반 수주 감소와 고유가로 위기를 맞았다 긴 불황기를 지나 ,0
330, 지스타 일 동안 대장정 마무리 관람객 만 명 찾아 ,0, 코로나 사태 이후 가장 많은 현장 관람객이 몰리며 관심이 집중됐다 지스타 조직위원회는 부산 벡스코에서 열린 지스타 에 나흘 동안 총 만 여명이 방문했다고 일 밝혔다 이달 일부터 이날까지 열린 이번 ,0
331,연세대 년엔 중간고사 문제 유출 캠퍼스 변경전형 지원자가,0, 코로나 로 원격 수업과 함께 시험도 온라인으로 치러졌는데 이를 이용해 해당 학생이 문제를 외부로 보내 타인의 도움을 받는 식으로 시험을 치러 학점을 받았다는 것이다 이에 연세대는 조사위원회를 꾸렸고 조사 ,0
332,전북자치도 향토음식 육성 의지 있나 전북음식문화대전 축소 개 ,0,하지만 년부터 참여자가 지속적으로 감소하면서 년에는 코로나 로 인해 개최조차 되지 못했다 이후 년 개팀 명만의 참여자로 행사를 추진해 오면서 올해는 개 팀 명만이 참여하는 등 초창기에 비해 ,0
333,경기도의회 감사 후반전 도 정무라인 설전 예고,0, 코로나 사태 당시 재택치료 집중관리 비용을 경기도의료원이 건강보험공단에 부당 청구한 사실이 문제로 지적됐습니다 환수 명령이 떨어졌는데 최소 억여 원에 이르는 것으로 나타났습니다 최만식 경기도의회 ,0
334,충북 지역축제 행사장 감염병 안전 ,0,검사 항목은 탄저균 페스트균 등 고위험병원체 종 아데노바이러스 코로나 바이러스 등 호흡기 바이러스 종이다 지난해 시범사업으로 괴산 보은 지역 행사장을 대상으로 고위험병원체 종 와 호흡기 바이러스 종 에 ,0
335, 그룹 이번주 정기인사 해결사 허민회 지주사 대표 내정,1, 년 월에는 코로나 여파로 경영난에 빠진 의 대표이사로 긴급 투입돼 영화관 체질 개선 등에 나섰으며 지난해 분기 흑자 전환을 이끌었다 매년 월에 정기 인사를 진행하던 그룹은 지난해의 ,0
336,한 일 오간 항공 승객 천만 명 돌파 올해 역대 최다 갱신 전망,1, 코로나 가 풀리면서 해외여행이 꾸준히 늘어나는 추세입니다 이런 영향으로 한국과 일본 관광객 수는 월 기준으로 만 명이 넘습니다 여기에 출발과 도착 기준으로 항공편을 이용해 한국과 일본을 오간 전체 승객 ,0
337, 콘솔 두드러진 돌 지스타 성료 나흘 간 만명 방문 ,0,이투데이 임유진 기자 | 올해 주년을 맞은 국내 게임 전시회 지스타 가 코로나 이후 가장 코로나 이후 매년 증가하는 모습이다 지스타를 찾은 관람객들은 신작에 대한 기대감을 드러냈다 지스타 ,0
338,걱정 많은 해운업계 분기 실적은 여전히 순항할 것으로 전망,0,과거 선박 건조 주기를 기반으로 판단되던 운임 지수가 코로나 팬데믹 원자재 가격 변동 홍해 사태 등 다양한 요인들로 변동폭이 커지고 있다는 것이다 해운업계는 주기 단축이 해운 산업에 기회로 ,0
339, 부동산 가격 조정 끝 투자 나서야할 때 ,0,그는 코로나 때 문을 닫았던 호텔들의 운영이 재개되고 있기에 호텔 투자에 관심을 가져야 한다 고 했다 이런 상황에서 부동산 대출 투자 시장도 활발해질 것이라고 전망했다 부동산 대출 투자의 큰손인 은행들이 ,0
340, 울산테크노파크 해외출장 너무 잦고 경비 과다 지출 ,0,과학관 예산은 지난 년 억여원에서 꾸준히 증가해 올해는 본예산만 억여원으로 약 배 이상 늘어났으나 방문객은 년부터 년까지 연 만명 대를 유지하다 코로나 이후 급격히 감소해 현재 만명 대 수준에 ,0
341, 퐁당퐁당 울주군 한우불고기축제 봉계로 단일화해야 ,0, 코로나 팬데믹이라는 불가항력적인 상황은 차치하더라도 축제 연속성이 담보되지 않으면 국내 유일 한우불고기특구 명성이 무색해질 수밖에 없다는 위기감이 커지고 있다 언양 번영회 평소 매상도 높아 축제 ,0
342,함평서 산림조합 한마음대회 성료,0,광주 전남 산림조합 한마음대회는 년부터 년까지 회 연속 개최됐으나 코로나 로 중단됐다가 올해 재개됐다 산림조합 임직원과 임업인의 결속력을 다짐하는 장으로 진행됐다 김영록 지사는 산림은 대표적 ,0
343, 단독 연대 캠퍼스 변경전형 서도 학생 부정 있었다,1,김씨는 코로나 로 대학들이 원격수업을 진행하는 가운데 온라인으로 치러진 기말고사에서 제 자와 함께 문제를 푸는 방식 등으로 부정행위를 저지른 것으로 전해졌다 김씨는 대학 학기였던 년 월 카운슬링의 ,0
344, 지스타 일간의 대장정 마무리 장르 플랫폼 경계 허문 게임,0,이는 지난해 방문객이었던 만 명 대비 약 가 증가한 수치로 코로나 팬데믹 이후 다시 만명대 방문객을 회복했다 강신철 지스타조직위원회 위원장은 번째 지스타를 성공적으로 개최할 수 있도록 ,0
345,트럼프 기 동맹 지키고 실리 챙기는 고차원 외교 펼쳐야 김광수특파원 ,0,일본에 허용했던 무비자 조치가 코로나 팬데믹을 계기로 전격 금지됐고 지금까지 풀어주지 않고 있다는 사실을 감안하면 중국이 한국과의 관계 개선에 각별히 공을 들이고 있다는 점을 알 수 있다 지난 개월간 ,0
346, 경기침체 단역배우 시급도 삭감 밀크티 한 잔값 ,0,중화권 영화 업계에서 수년간 일한 장모씨는 코로나 팬데믹 년간 많은 영화사가 문을 닫았는데 아직 회복되지 않았다 면서 방송사에 작품을 판매하려면 주연배우들에겐 여전히 높은 비용을 지불해야 ,0
347, 포토뉴스 춘천시음악학원협의회 제 회 영아티스트 콘서트 ,0, 코로나 팬데믹 이후 년 만에 열리는 이번 콘서트에는 허남호 춘천교육지원청 교육장 박문영 강원도학원연합회장 오혜령 강원도음악분과회장 황석우 춘천시학원연합회장 하재풍 춘천시학원연합회 고문을 비롯한 ,0
348, 김화균 칼럼 추락하는 한국 증시 프로야구 부흥에서 배워라,1,관중 수가 년 만명을 년에는 만명을 넘어섰다 코로나 사태로 잠시 추춤했지만 올 시즌 드디어 만명이라는 사상 최대의 관중수를 기록했다 스타 선수의 복귀와 치열한 순위 경쟁은 볼거리를 양산했다 ,0
349,광주 백일해 폐렴 환자 급증 부모들 불안감 증폭,0,보건당국은 코로나 안정세 이후 개인 위생 수칙 준수 의식이 약해지면서 호흡기 질환 감염이 늘어난 것으로 분석했다 백일해와 폐렴은 어린이집 유치원 등에서 전염 사례가 많아 영유아를 둔 부모들의 걱정이 ,0
350, 농수축위 내년도 농림해양수산 예산 증가율 최하위 ,0,한 의원은 농림해양수산 예산은 억원 증가에 그치면서 제주시 화북상업지구 체비지 계약해지 반환금에 따른 감액분과 코로나 대응을 위해 일시적으로 증액됐던 보건 예산과 비교해 보면 농림해양수산 예산 ,0
351, 결국 삼성전자 넘어선다 큰손들 군침 흘리더니 발칵 ,0,글로벌 투자시장의 큰손들이 코로나 팬데믹 이후 축적된 유동성을 활용하기 위해 혁신 기업에 목매고 코로나 팬데믹 기간 넘쳐나는 자금으로 스타트업에 투자했지만 투자금 회수가 쉽지 않았다 반면 머스크의 ,0
352,부산 시모노세키 항로 내년 주년 기념행사 추진,1,항로인부산 시모노세키 항로는지난 년 월 부관연락선이 일본을 출발해부산항에 입항하면서 개설됐습니다 부산 시모노세키 항로는 코로나 당시 한때 운항이 중단됐다가지난해엔 만 천 명이 이용했습니다 ,0
353,현역병 줄어드는데 병역기피 년새 ,1,이 같은 병역기피자의 증가는 코로나 여파로 입영 연기 규정을 완화해줬던 영향이 일부 있기는 하다 하지만 인구 감소로 입영 대상 병역자원이 급감하는데도 병역기피자가 늘고 있다는 점이 문제다 현역병 ,0
354,삼성전자 임원들도 주가부양 안간힘 올해 자사주 억원 매입,0,지난 일에는 만 천 원으로 마감하면서 코로나 팬데믹 시기인 년 월 일 종가 만 천 원 이후 년 개월 만에 만전자 로 밀려났다 이날 삼성전자 주가는 연고점 대비 개월여 만에 급락하면서 ,0
355, 민생 예산 도지사 예산 제주도의회 예산 도마 ,0,화북상업지구 체비지 계약해지 반환금으로 인해 감액된 국토 분야와 코로나 대응으로 일시적 증액이 있었던 보건 분야의 감액을 제외하면 예산증가율이 가장 낮다는 것이다 더불어민주당 한권 의원 일도 이도 ,0
356,경기도의회 감사 후반전 도 정무라인 설전 예고,0, 코로나 사태 당시 재택치료 집중관리 비용을 경기도의료원이 건강보험공단에 부당 청구한 사실이 문제로 지적됐습니다 환수 명령이 떨어졌는데 최소 억여 원에 이르는 것으로 나타났습니다 최만식 경기도의회 ,0
357,허민회 지주사 복귀하나,0, 코로나 여파로 가 경영난에 허덕이자 허 대표는 년 월 대표이사로 긴급 투입됐다 그는 곧바로 영화관 체질 개선과 실적 개선에 집중했다 그 결과 는 지난해 분기 흑자 전환에 성공했다 ,0
358, 뉴스플러스 코스피 반등 언제 일 엔비디아 실적이 분수령,0,임혜윤 한화투자증권 연구원은 반도체 수출도 양호했으나 코로나 이후 최고 수준에 근접한 메모리반도체 수출단가가 추가로 상승하기는 어렵다 며 반도체 수출 둔화와 더딘 제조업 회복이 모멘텀 둔화를 ,0
359, 단독 서울만 명 부족 미얀마 캄보디아 기사님 들어오나,0, 코로나 를 거치면서 부족 비율이 두 자릿수대로 급증했다 년 명 에 그쳤던 숫자는 년 명 년 명 년 명 으로 뛰었다 비대면 서비스업이 발달하면서 운수업 종사자들이 ,0
360,고금리 경기 부진 취약 더 늘어날 듯,0,기업은행 관계자는 정부의 상환 유예 정책이 코로나 이후 중단된 점과 금리 상승 대외적 위험 요인이 많은 경기 상황이 맞물리면서 중소기업 연체율이 많이 올랐다 고 설명했다 연체된 금액도 년 ,0
361,외국인 늘자 출입국 국적 업무 뛰어든 빅로펌,0, 코로나 팬데믹 이후 다시 증가세로 돌아선 체류 외국인은 지난 월 만 명을 기록했다 법무부는 년 내 만 명을 넘어설 것으로 전망했다 정주 의사가 있는 장기 체류 외국인 비율이 증가하는 가운데 법률을 위반한 ,0
362, 기자수첩 예천군 일부 공무원 음주운전 기강해이 도 넘어,0,예천군 공무원의 음주추태는 코로나 비상상황에도 벌어져 비난거리로 남았다 년 월 일 당시 사회적 거리두기 지침이 내려진 가운데 김학동 군수 생일 술파티는 전국적 망신을 샀다 이날 저녁 술자리에서는 ,0
363, 충격의 만전자 조 쏟아부은 삼성 이제 오르나요 ,0, 코로나 신종 코로나 바이러스 감염증 가 한창이던 년 월 이후 년 개월 만의 만전자 추락이었다 조원에 육박하던 시가총액은 개월 만에 조원 증발해 조원 밑으로 쪼그라들었다 이튿날 일 저가 ,0
364, 단독 홀딩스 자사주 재단에 무상증여,0,현 주가는 코로나 로 인한 일시적 충격을 제외하고 최근 년간 최저 수준이다 이번 무상출연을 두고 금융투자업계에서는 고려아연발 적대적 우려가 작용했다는 눈초리를 보낸다 홀딩스는 정몽원 회장을 ,0
365, 홀딩스 자사주 무상증여 주주들 밸류업 역행 반발,0,현 주가는 코로나 사태로 인한 일시적 충격을 제외하고 최근 년간 최저 수준이다 이번 무상 출연을 두고 금융투자업계에서는 고려아연발 적대적 인수 합병 에 대한 우려가 작용했다는 눈초리를 보낸다 ,0
366, 사회공헌 사업 랜선야학 교육프로그램 적용 확대,0,랜선야학은 년 코로나 에 따른 교육 공백을 해소하기 위해 시작한 사회공헌 활동이다 의 온라인 학습 플랫폼을 활용한다 지난 년간 전국 교육청과 협업해 누적 만 명이 참여했다 국어 영어 수학 등 ,0
367, 단독 가사관리사 이어 서울시 마을버스 외국인 기사 추진,0, 코로나 이후 운전기사 이탈이 심각해진 상황에서 고령화 문제까지 겹치면서 필요 인원보다 부족한 상태가 해소되지 않고 있기 때문이다 일 서울시와 고용노동부에 따르면 시는 외국인 마을버스 운전기사 도입 ,0
368,경기도의료원 안성병원 코로나 환자 심리재활 비교 연구 결과 발표,0, 경기도의효원 안성병원 제공 경기도의료원 안성병원 안성병원 연구진은 코로나 로 입원 치료한 환자에 안성병원은 코로나 확진 후 입원한 환자들의 불안 우울 수면장애 등 심리적 문제를 개선하기 위한 대면 ,0
369,인천 스타트업파크 상업시설 곳 중 곳 공실 활성화 방안 마련해야 ,1,하지만 코로나 와 경기 침체로 인해 계속 유찰했고 인천경제청은 공유재산관리법 시행령에 따라 입찰가를 낮췄다 년 임대료는 만원 천 만원 수준이다 현재 스타트업파크 상업시설에는 편의점 크로스핏 ,0
370,전운영 인천미협회장 연임 도전한다,0,전운영 인천미술협회 회장은 지난 년간 협회를 이끌며 코로나 팬데믹과 내부 갈등 등의 상황 속에서도 년 코로나 가 한창일 때 회장직을 맡아서 막막하기도 했습니다 코로나 로 힘든 것도 있었지만 인천미협 내부 ,0
371,전주시의회 청년월세 지원 교부금 바닥 정부 긴급예산 투입해야 ,0, 경제상황 악화 고용여건 더 나빠져 아르바이트도 구하기 힘들어 전주시의회는 지난 일 년 코로나 의 장기화로 인한 경제상황 악화로 청년들의 고용 여건이 더 나빠져 아르바이트도 구하기 힘든 상황이라면서 ,0
372,박선전 전주시의원 주차면적 부족 대안없이 주정차단속 강화만 ,0,그러나 익산시의 경우 코로나 이후 침체된 지역경제를 되살리기 위해 주정차단속을 탄력적으로 운영하고 있다 익산시는 상업지역에 주정차 단속유예 시간을 분으로 두어 상업에 종사하는 시민들과 방문객에게 ,0
373, 스키장 가는 날을 일로 늘리고 싶습니다 ,1,호시노 대표는 코로나 팬데믹이라는 위기조차 기회로 전환해 리조트의 체질을 더 탄탄하게 바꿔 놨다 그는 사업적으로 고집하는 어떤 수치나 목표는 없다 면서 장기적으로 호시노리조트의 체질을 경쟁력 있게 ,0
374,베트남항공 분기 매출액 전년 대비 증가,1, 코로나 이후 항공 산업 회복이 진행 중인 가운데 베트남 국영항공사 베트남항공이 분기에 이어 분기 실적에서도 두드러진 성장을 기록했다 실적 상승 요인으로는 모회사의 운영 효율성 향상과 자회사의 ,0
375,경기도의료원 안성병원 비대면 작업치료로 코로나 후유증 완화 효과 확 ,0, 코로나 환자 정신건강 개선에 비대면 및 대면 치료 모두 긍정적 결과 대면 치료 퇴원 후 개월 효과 유지 비대면 치료도 판데믹 대안 가능 코로나 후유증 치료에 중요한 역할을 할 심리 재활 중재 기대 경기도의료원 ,0
376,일본 여행 열풍에 한 일 항공편 이용객 개월 만에 만명 돌파,0,종전 최다 이용객 수는 코로나 이전인 년 기록한 만명이다 올해 월평균 한일 노선 이용객 수가 만명 안팎인 점을 고려하면 이달 중 연간 최고 기록을 넘어설 것으로 예상된다 일본 여객 수요가 이같이 ,0
377, 코로나 바이러스 의외의 효과가 암 종양 줄여 ,0,전 세계를 공포에 떨게 했던 코로나 는 여전히 건강에 많은 해를 끼치고 있다 하지만 암은 예외라는 연구 결과가 나왔다 임상연구저널 에 발표된 연구에 따르면 심각한 코로나 감염 ,0
378,오징어게임 보고 한국 왔다가 지역축제에 푹 빠졌다,1,비중이 코로나 사태 전인 년과 비교해도 포인트 이상 높아진 것으로 조사됐다 특히 이들이 몰리는 코로나 사태 이전만 해도 외국인들은 산천어축제 등 겨울 낚시 축제로 몰려들었다 은 겨울 불가사의 ,0
379,최근 일본의 외국인력 도입 제도 변화와 시사점 ,0,반면에 우리나라의 구인배수를 보면 지난 년간 코로나 시기인 년 를 제외하면 대체로 기능실습생 규모는 년 만 명 수준이었지만 코로나 전염병 발생으로 인하여 년 만 명 수준으로 대폭 ,0
380,지난달 출생아수 년 개월새 최다 저출산 탈피 여부 판정은 시기상 ,0,이는 코로나 시기에 미뤄둔 혼인이 엔데믹화 전환 이후 늘어난 영향으로 풀이된다 반등한 혼인 그러나 출생아 수를 코로나 발생 직전인 년 전과 비교하면 저출산은 여전하다 지난 년 개월간 출생 ,0
381,맥아더글렌 디자이너 아웃렛 그룹 투어리즘 어워즈 시상식 개최,0, 코로나 본격 회복기를 맞아 올해 한국인 자유여행객의 맥아더글렌 방문 수가 가파르게 증가했다 맥아더글렌 그룹은 올해 월 신한금융그룹과 업계 최초 업무협약을 체결하며 할인쿠폰 제공 및 신한 슈퍼 이벤트 ,0
382,한 일 노선에 올해 개월간 만 명 탑승 역대 최다 종합 ,0,또 코로나 가 확산되던 년에는 만 명으로 급감한 뒤 년에는 만 명 수준까지 떨어졌다 하지만 년 만 명을 기록한 뒤에는 년 만 명까지 회복했다 업계에서는 지난해부터 ,0
383,김영호 통일장관 김정은 홍당무 얼굴 불안 때문 ,1,북 러 북 중 관계에 대해서는 북한과 러시아 사이에 경제 교역 무역은 굉장히 늘어나고 있고 그에 비해 북한과 중국 사이의 교역은 코로나 이전 상태를 아직 회복하고 있지 못하다 고 했다 또 최근 김정은 북한 ,0
384,김영호 통일장관 서울 안거치고 워싱턴 못가 ,0,한편 김 장관은 심화하는 북러관계와 비교해 북중 간은 교역이 코로나 이전 상태를 회복하지 못하고 있다 면서 노동신문을 보면 중국에 대한 언급이 줄어들고 있고 북중 간 고위급 만남도 줄어들고 있다 고 ,0
385, 금주의 무역인 이호석 비젼테크 대표,1,이 대표는 사업을 돕겠다던 교포를 믿었다가 사기를 당해 크게 손해를 봤다 고 아쉬워했다 회사는 코로나 팬데믹으로 멈춘 수출을 지난해부터 재개했다 회사는 누설 전류 제한기술을 활용한 단자대를 동남아시아에 ,0
386,결국 승자의 저주 된 인천공항 면세점 임대료 폭탄에 고심,0,면세업계가 코로나 팬데믹 이후 최악의 불황을 맞이했다 중국 내수 부진 고환율 방한 관광 패턴 변화 빅 면세점이 모두 연간 적자를 기록한 것은 코로나 팬데믹으로 국경이 봉쇄된 지난 년이 유일하다 중국 ,0
387, 주말마다 웨딩 스냅 촬영 나가요 부업하는 인 가구 년 만에 쑥 ,1, 코로나 시기 각광받았던 배달 라이더 로 부업을 하는 사람들은 줄었다 배달 라이더 는 금융연구소는 보고서를 통해 코로나 엔데믹 이후 배달 음식을 이용하는 경우가 줄었기 때문 이라고 해석했다 ,0
388,김홍빈 분당서울대병원 교수 대한감염학회 차기 이사장 선출,0,김 교수는 메르스와 코로나 등 국가적 감염병 위기 상황에서 핵심적 역할을 수행했다 특히 년 메르스 사태 당시 확산 방지에 기여한 공로로 녹조근정훈장을 수훈했다 최근에는 세계보건기구 항생제내성 ,0
389,통일부 장관 서울 거치지 않고 워싱턴 가기 어려워 ,1,김 장관은 북 러 교역이 코로나 이전 상태를 회복하지 못하고 있다 노동신문을 보면 중국에 대한 언급이 줄어들고 있고 북 중 간 고위급 만남도 줄어들고 있다 면서도 북한의 대륙간탄도미사일 도발 가능성은 ,0
390,하나증권 토비스 내년까지 주당순이익 성장 돋보일 것 ,0,김성호 하나증권 연구원은 카지노 슬롯머신 향 게이밍 디스플레이 산업은 토비스를 비롯한 소수 업체의 과점 시장 이라며 토비스는 글로벌 톱 티어 고객사 향 점유율과 레퍼런스를 지속 확보해왔기에 코로나 ,0
391, 르포 거리로 돌아가는 노숙인 정신질환 노출에 만성화 위험까지,0, 코로나 이후에는 신규로 등록된 노숙인 수도 늘고 있어 인력이 넉넉지 않은 상황이란 게 현장의 목소리다 노숙인 밀집지 중 하나로 꼽히는 영등포역 인근 종합지원센터에는 정신과 촉탁의와 노숙인 전담 경찰도 없는 ,0
392,한국공항공사 제 차 동아시아공항연합 연례회의 서울서 개최,1,올해는 공사 주관으로 코로나 이후 년 만에 첫 대면회의를 진행했다 이번 회의에는 양 공항공사 중국수도공항그룹 일본공항빌딩을 비롯해 개 공항 최고경영자 등 대표단 여명이 참여했다 각 공항 ,0
393,대구지법 택시기사 실업급여 반환 과해 ,0, 코로나 기간 택시협동조합을 탈퇴한 뒤 실업급여를 받은 조합원들에게 부당이익금을 반납하라는 운전기사들은 코로나 로 운수업이 정체돼 비자발적으로 퇴사하고 실업 기간을 인정받아 지난 년 ,0
394,전운영 현 인천미협회장 차기 회장 선거 출마 의사 밝혀,1,전 회장은 그간 협회를 이끌며 코로나 팬데믹과 내부 갈등 등 어려운 상황 속에서 협회의 안정화와 발전을 년 코로나 가 한창일 때 회장직을 맡아서 막막하기도 했습니다 코로나 로 힘든 것도 있었지만 인천미협 ,0
395, 주간증시전망 낮아진 가격에 주목 코스피 반등 기대 ,1,지난 일 삼성전자는 만 원으로 장을 마감하며 코로나 사태 이후 년 개월 만에 만전자 로 밀려났다 지난주 일 유가증권시장 코스피 에서 외국인은 조 원을 순매도해 주 연속 매도 우위를 ,0
396,저가항공사 중국 관광객 확대에 신규 항공기 확충 속도내나,0,올해는 올해 해외관광객은 코로나 이전인 만명 수준을 보일 전망이다 이 때문에 해외관광 수요가 감소하는 피크아웃 우려가 나왔다 업계는 그러나 항공 수요가 감소하기 보다는 정점을 유지하거나 ,0
397,명창 생가에 퍼진 우리 가락 방문객 붙들고 심금 울린다,1,대학교에서 문화관광을 공부하고 졸업 후 여행사를 다니다 코로나 로 업계가 어려웠던 시기에 다시 마을로 귀향했다 김 위원장은 판소리에 얽힌 마을 고유의 가치를 가장 우선으로 여긴다 마을 활성화를 위해 전문 ,0
398,영화 기생충 테마로 배 폭등한 바른손 급등주 지금은 ,0,다만 이를 기점으로 국내 증시에 코로나 공포가 드리우기 시작했고 바른손이앤에이와 바른손 역시 바른손의 경우 코로나 유행 초기인 년 월 원의 저점으로 이듬해 월 장중 원까지 뛰며 일부 ,0
399,해외관광객 늘고 중국 하늘길도 열리고 항공기 더 늘린다,0,올해 해외 관광객은 코로나 이전인 만 명 수준을 보일 것으로 전망된다 이 때문에 해외 관광 수요가 감소하는 피크아웃 우려가 나왔다 업계는 그러나 항공 수요가 감소하기보다는 정점을 유지하거나 ,0
400, 엔저 효과 올해 항공편 이용객 역대 최다 기록,0,지금까지는 코로나 전인 지난 년의 만명이 최다였다 올해 월 평균 만명 안팎의 승객이 한일 한국과 지리적으로 가까운데다 엔저 현상으로 저렴한 여행과 쇼핑이 가능해지면서 코로나 이후 폭발적으로 ,0
401, 사설 인터넷은행 대 연체율 급등 그 배경 과제,0,자영업자들은 년여 전의 코로나 팬데믹 때보다 더 힘들다고 하소연한다 내수 침체는 일시적 현상만은 아니다 고령화와 경기 위축 베이비붐 세대의 퇴직 러시에 따른 자영업 출혈경쟁 등 구조적 요인이 겹친 탓이다 ,0
402,충북 지역축제 행사장 감염병 안전 병원체 바이러스 불검출,0,검사 항목은 탄저균 페스트균 등 고위험병원체 종 아데노바이러스 코로나 바이러스 등 호흡기 바이러스 종이다 지난해 시범 사업으로 괴산 보은 지역 행사장을 대상으로 고위험병원체 종과 호흡기 바이러스 종에 ,0
403, 주년 맞이한 사랑나눔 골프대회 역대급 후원사도 참여 역시 브 ,1, 코로나 팬데믹 전 세계 대유행 시기에 급등했던 이른바 골프거품이 빠진 뒤 용품업계를 중심으로 경제위기와 코로나 확산 등으로 세 차례 대회 개최를 포기했지만 바자회 등 다른 형태로 모금액을 조성해 년째 ,0
404,김영호 북한 서울 거치지 않고 워싱턴 가기 어려울 것 ,1,김 장관은 심화하는 북러관계와 비교해 북한과 중국 간에는 교역이 코로나 이전 상태를 회복하지 못하고 있다 면서 노동신문을 보면 중국에 대한 언급이 줄어들고 있고 북중 간 고위급 만남도 줄어들고 있다 고 ,0
405,함평서 제 회 산림조합 한마음대회 가치있는 산림 앞장 다짐,1,광주 전남 산림조합 한마음대회는 년부터 년까지 회 연속 개최했으나 코로나 로 중단됐다가 재개됐다 산림조합 임직원과 임업인의 결속력을 다짐하는 ,0
406,농어업 지렛대 농림수산업자신용보증기금,0, 코로나 시국 이전에 배로 설정 운용되던 배수가 년 이후 매년 적정수준을 초과한 상태로 운영되어 스마트팜 신축 축사현대화 사업 등의 예외보증은 금융위의 승인을 얻어 년 단위로 한시적으로 운용하고 있는 ,0
407,김영호 북 미 대화 한국 패싱 어려워 한 미 공조체제 공고 ,0,아울러 김 장관은 심화하는 북 러 관계와 비교해 북 중 간은 교역이 코로나 이전 상태를 회복하지 못하고 있다 면서 노동신문을 보면 중국에 대한 언급이 줄어들고 있고 북 중 간 고위급 만남도 줄어들고 있다 고 ,0
408, 스님들 놀라시겠네 관광객 몰려간 뜻밖의 핫플 ,1,관광 업계 관계자는 코로나 이후 방한 중국인 관광객의 여행 방법과 소비 방식 등 여행 트렌드가 많이 달라졌다 며 기존 관광 상품 대신 새로운 여행 콘텐츠를 경험하고자 하는 수요가 늘어나는 추세가 이어질 것 ,0
409,화천 수능 힐링 콘서트 코로나 이후 년 만에 재개,1,그러나 이듬해부터 코로나 펜데믹의 영향 등으로 콘서트가 열리지 못해 지역 청소년들의 아쉬움이 컸다 이밖에도 군은 학생과 학부모들을 위한 연말 특별 프로그램을 진행하고 있다 우선 오는 일 오후 시 분 ,0
410, 강찬수의 에코인사이드 국제환경회의장 이기심과 이타심이 교차하는 ,0, 코로나 때 쓰고 버린 마스크 배달 음식에서 나오는 일회용 포장재 쓰레기에 다들 플라스틱 위기를 걱정했다 여름휴가 때 바닷가에 떠밀려온 해양 쓰레기를 보면서 플라스틱을 줄이기 위해 뭔가 해야 한다고 입을 ,0
411,삼성전자 임원 올해 자사주 억원 매입 주가 부양 나서,0,지난 일에는 만 원으로 마감하면서 코로나 팬데믹 시기인 년 월 일 종가 만 원 이후 년 개월 만에 만전자 로 밀려났다 삼성전자가 이번에 대규모 자사주 매입 계회획을 내놓은 것도 부진의 ,0
412,호남지역 의료공백 대처에도 만전 응급술기 세션별 심화실습 눈길,0,지도했으며 코로나 바이러스의 단백 성분을 특이 항체로 코팅된 스트립을 이용해 검출하는 전문가용 를 활용 깊은 비인두에서 도말을 채취 진단하는 방법도 교육했다 비위관 삽입술 교육에 ,0
413,경남 김해 인구 석 달째 증가 왜 ,0, 코로나 팬데믹으로 외국인 인구가 준 점이 원인으로 지목된다 외국인은 년부터 다시 늘어 지난 년간 명 증가했고 김해 인구도 지난해 반등했다 출생아 수에 비해 사망자 수가 더 많은 자연 감소는 전국적인 ,0
414, 대동 가성비 자율트랙터로 중소형 농가 공략 ,0,만나 코로나 특수였던 취미농 하미팜 수요가 사라진 미국 시장과 관련해 한국이 잘하는 게 가성비가 대동은 코로나 팬데믹 기간 중에 북미 취미농이 주로 사용하는 소형 트랙터를 앞세워 미국 시장을 공략했다 ,0
415,유행처럼 번지는 승진 거부 이면에는 낡은 호봉제,0, 언보싱 으로 불리는 승진 거부는 신종 코로나 바이러스 감염증 코로나 유행기를 거치며 확산한 조용한 사직 의 연장선에 있다 조용한 사직은 실제로 사직하지 않았지만 최소한의 업무만 ,0
416, 기획 관광객 계속 온다 면세업계 황금 날개 본격 펼까,0,성장세가 다소 주춤하지만 코로나 이전인 년 방한 중국인 관광객의 수준으로 회복한 수치다 지난 월에는 월간 외래관광객수가 코로나 이후 처음으로 년보다 많았다 한국관광공사는 한국을 찾은 ,0
417, 기획 새 돈줄 찾자 이커머스 여행 시장 공략 가속,0, 일 한국관광공사에 따르면 올 상반기 월 우리나라 해외여행객은 코로나 사태 이전인 년 대비 정도인 만명으로 파악됐다 고물가로 소비 여력이 떨어졌음에도 해외 여행 수요는 꾸준히 증가하는 모습이다 ,0
418, 기획 관계개선 움직임 꿈틀 산업계 촉각,0,특히 코로나 엔데믹 이후에도 유독 다른 국가에 비해 회복세가 지지부진했던 중국 노선에서 수요 증가의 만명으로 코로나 이전인 년 만명의 수준이다 같은 기간 수준인 전체 국제선 회복률에 ,0
419,삼성전자 임원들도 주가 부양 올해 자사주 억 원 매입,0,삼성전자 주가는 지난 일 만 천 원으로 마감하면서 코로나 팬데믹 시기인 년 월 일 종가 만 천 원 이후 년 개월 만에 만전자 로 밀려났습니다 삼성전자는 이번에 매입할 자사주 조 원어치 중 조 ,0
420, 목숨 건 배달 기사 지난해 이륜차 사망사고 명,0,배달 수요가 공급을 초과한 코로나 당시 만원 평일 점심 기준 이던 건당 배달비가 현재는 원까지 떨어졌다 코로나 엔데믹에 진입하고 배달 주문량이 주춤하자 배달 플랫폼들이 수익성을 따져 ,0
421,보은군 간이집하장 원룸식 방 설치 논란 주민 반발 확산,0,해당 방은 코로나 지원자금을 활용해 설치된 것으로 알려지며 주민들 사이에서 공공자금 사용과 관련한 실태와 코로나 지원자금 사용 내역을 면밀히 조사할 필요가 있다 고 밝혔다 농수산물 간이집하장은 농민들이 ,0
422, 고 김문기 발인날 공개된 이재명 캐럴 영상에 노모는 가슴 쳤 ,0, 코로나 로 어려움을 겪는 국민들이 크리스마스 하루라도 즐겁기를 바란다는 취지였다 영상 제작에는 당시 선대위 홍보소통본부장이었던 김영희 전 콘텐츠총괄부사장이 지휘를 맡았다 총 분 초 분량의 영상에서 ,0
423,소아청소년병원 입원 명 중 명 이상 소아감염질환 마이코플라즈마 ,0, 코로나 사태 이후 소아청소년병원에 입원한 환자 명 중 명 이상은 마이코플라즈마 폐렴 코로나 아데노바이러스 백일해 등 소아감염질환 환자인 것으로 분석됐으며 입원시 환아 보호자들이 가장 많이 ,0
424,삼성전자 임원들 주가 부양 총력 올해 억 매입,0,그러나 지난 일 삼성전자 주가는 만 원으로 마감하면서 코로나 팬데믹 시기인 년 월 일 만 원 이후 년 개월 만에 만전자 로 추락했다 바로 다음 날인 일 만 원으로 만전자를 ,0
425,발작성 기침 백일해 배 급증 누적 환자 만 명,0, 보호자들 백일해 백신 접종 잘 안 돼 있어 코로나 가 유행할 때 강화됐던 방역 조치가 느슨해지자 백일해 시계를 코로나 전으로 돌리는 것 같다 고 말했다 저작권자 이코노믹리뷰 ,0
426,위기의 배달 기사와 골목상권,0,배달 수요가 공급을 초과한 코로나 당시 만원 평일 점심 기준 이던 건당 배달비가 현재는 원까지 떨어졌다 코로나 엔데믹 풍토병화된 감염병 에 진입하고 배달 주문량이 주춤하자 배달 ,0
427,삼성전자 조 규모 자사주 매입 만전자 로 구겨진 자존심 회복하 ,0, 코로나 팬데믹 시기인 년 월 일 종가 만 원 이후 년 개월 만에 만전자 로 밀리자 삼성전자는 대규모 자사주 매입이라는 카드를 꺼냈다 과거에도 자사주 매입으로 주가를 끌어올린 사례가 있다 ,0
428,트럼프발 패닉셀 에 추락한 코스피 반도체 배터리 등 기술주 반등하나,0,삼성전자는 지난 일 만 원으로 장을 마쳐 코로나 이후 년 개월만에 만원선을 내줬다 지난주 유가증권 시장에서 외국인은 조 억원을 순매도했다 주 연속 매도 우위다 개인이 조 억원 순매수했고 ,0
429,수익성과 시너지 제약사 투트랙 투자,0,지난 년 대비 일시적으로 감소한 규모지만 코로나 팬데믹 이전인 년과 비교하면 증가한 수치다 또한 최근 년간 연평균 성장률은 수준으로 집계됐다 의료기기 등 분야에서 독보적인 기술력을 갖춘 ,0
430, 방산 트럼프 러브콜에 시장 공략 박차,0,업계 관계자는 코로나 팬데믹 러 우 전쟁 중동 분쟁 미중 갈등으로 글로벌 공급망이 분절된 것도 영향을 끼치고 있다 며 납기를 준수하고 가성비가 높은 국내 방산업체들의 역량이 분야의 온기로 이어질 ,0
431, 한국에서 살고 싶어요 한국 이민자 급증 증가율 위,1,장 크리스토프 뒤몽 국제이주부서장은 이민자 급증은 코로나 이후 경제 회복에 따른 노동력 부족 생산가능 인구 감소 같은 인구 변화 등 다양한 요인이 반영됐다 라고 설명했다 이민자 ,0
432,김영호 통일부 장관 북미대화 한국 패싱 어려울 것 ,1,이어 북중 관계는 코로나 이전 수준의 교역을 회복하지 못하고 있으며 고위급 접촉과 중국 관련 언급도 줄어들고 있다 고 지적했다 우크라이나 지원 문제에 대해 그는 트럼프 행정부가 우크라이나 전쟁의 조기 종식을 ,0
433,한 일 노선에 올해 개월간 만 명 탑승 역대 최다,0,또 코로나 가 확산되던 년에는 만 명으로 급감한 뒤 년에는 만 명 수준까지 떨어졌다 하지만 년 만 명을 기록한 뒤에는 년 만 명까지 회복했다 업계에서는 지난해부터 ,0
434, 만 전자 에 삼성전자 임원들도 자사주 매입 억원 규모,0,지난 일에는 만 원으로 마감하면서 코로나 팬데믹 시기인 년 월 일 종가 만 원 이후 년 개월 만에 만전자 로 밀려났고 시가총액도 조원이 마저 무너졌다 이에 삼성전자는 삼성전자는 ,0
435,김영호 북한 서울 거치지 않고 워싱턴 가기 어려울 것 ,1,한편 김 장관은 심화하는 북러관계와 비교해 북중 간은 교역이 코로나 이전 상태를 회복하지 못하고 있다 면서 노동신문을 보면 중국에 대한 언급이 줄어들고 있고 북중 간 고위급 만남도 줄어들고 있다 고 짚었다 ,0
436,흘러내리는 주가에 올해만 자사주 억원 사들인 삼성전자 임원들,0, 코로나 시기인 지난 년 이후 년 개월 만에 만전자 로 내려갔다 이에 삼성전자는 다음날인 일 이사회를 열고 향후 년간 총 조원 규모의 자사주를 분할 매입하는 계획을 의결했다 이 중 조원의 ,0
437, 주가 하락 막아라 삼성전자 임원 인 억원 규모 릴레이 자사주 ,0,지난 일에는 만 원으로 마감하면서 코로나 팬데믹 시기인 년 월 일 종가 만 원 이후 년 개월 만에 만전자 로 밀려났고 시가총액 조원 마저 무너졌다 이에 삼성전자는 대규모 자사주 ,0
438, 제 회 충청북도 도민대상 수상자 선정,1,또한 청주상공회의소 대 회장으로 재임하며 미 중 갈등 코로나 팬데믹 등의 위기 속에서도 충북경제단체협의회를 결성하는 데 중추적인 역할을 수행하였으며 여 개 회원사를 대표하여 상공인의 권익 ,0
439,송종국 양육비 미지급 의혹 속 떠났다 캐나다 마지막 영주권 ,0,송종국은 축구교실에 대해 언급하다 코로나 이후 정상 궤도에 오르지 못했다 고 고충을 토로했고 이어 내일 모레 캐나다에 들어간다 친형이 이민을 갔다 제가 영주권이 나왔다 고 설명했다 그러면서 ,0
440, 기후위기 경영비 상승 제주 농업환경 악화일로 도정 예산은 거꾸로 ,0,이어 이는 올해보다 각각 감소세를 보인 국토 및 지역개발 보건 예산에 이어 낮은 증가율 이라며 하지만 제주시 화북상업지구 체비지 계약해지 반환금으로 인한 감액분과 코로나 대응을 위해 보건 예산이 ,0
441,간 큰 개미만 남았다 일간 레버리지 억 순매수,0,권민경 자본시장연구원 연구위원은 역모멘텀 투자는 단기 전략으로 활용할 수 있지만 지금처럼 변동성이 클 땐 상당한 위험을 동반하다 며 코로나 충격 이후 나타난 오랜 상승장에서도 주가 하락에 베팅한 ,0
442, 트럼프 패닉 코스피 터널 끝 보일까,0,삼성전자 주가는 지난 일 만 원으로 장을 마감하며 코로나 이후 년 개월 만에 만전자 를 기록했다 트럼프 수혜주로 꼽히는 조선과 방산이 포함된 운수장비 업종이 상승했고 운수창고 ,0
443, 년 전과 올해 지스타 풍경 변화 전격 비교,1,온라인 예약은 코로나 이후인 년에 방역 확인을 겸한 오프라인 개최 방법을 마련하기 위한 방책으로 촬영 코로나 직후였던 지스타 에서 볼 수 있었던 방역을 위한 얼굴 마스크 사진 게임메카 촬영 ,0
444,서울 수돗물로는 맛을 낼 수 없어 일본서 필터까지 공수 흑백요리사 ,0, 산로는 코로나 이전부터 준비해 년 월 일에 문을 열었다 화덕이라든지 도자기로 만든 찜기 같은 거는 작가님들이 유명하다 보니까 오래 걸렸어요 가장 오래 걸렸던 거는 그릇인데 개월 걸렸어요 인테리어도 ,0
445,러시아 세계 최초로 코로나 백신을 만들었던 이야기,0, 년 코로나 팬데믹 시기 러시아는 세계에서 최초로 코로나 백신인 스푸트니크 를 만들었다 이렇게 빨리 개발할 수 있었던 이유는 이미 개발된 중동호흡기증후군 ,0
446, 고용노동청 택시 기사 실업 급여 반환 처분 과하다 ,0,앞서 운전기사들은 코로나 유행을 기점으로 운수업이 정체되며 비자발적 퇴사를 했으며 실업 기간을 인정받아 년 사이 각기 실업급여 만 만원을 지급받았다 근로복지공단이 택시 운전기사들의 ,0
447, 주가 하락 막자 삼성전자 임원 올해 자사주 억치 매입,0,지난 일에는 만 원으로 마감하면서 코로나 팬데믹 시기인 년 월 일 종가 만 원 이후 년 개월 만에 만전자 로 밀려났고 시가총액 조원 마저 무너졌다 이에 삼성전자는 대규모 자사주 ,0
448,전방위 배송 속도 경쟁 수수료 인력난 우려,0, 코로나 시기 평일 점심 기준 최대 만원을 넘었던 건당 배달비는 현재 원 수준으로 낮아졌다 인력 이탈이 심화하면서 일부 지역에서는 무면허 배달 기사가 등장한 상태다 수수료도 문제다 편의점 퀵커머스의 ,0
449, 리뷰 이혼 송종국 축구장 떠나 새 도전 캐나다 영주권 나왔다 ,0,은퇴 후 축구교실을 운영 중이라는 그는 코로나 이후 정상 궤도에 오르지 못했다 며 고충을 털어놨다 특히 송종국은 며칠 뒤 캐나다로 간다 친형이 먼저 이민을 갔고 저도 최근 영주권을 받았다 고 밝히며 축구 시장이 ,0
450, 아파트의 부활 전혀 상상 못 한 일 로제에 감사하다 ,0, 아파트 역주행이 코로나 신종 코로나 바이러스 감염증 팬데믹 이후 저조했던 활동을 만회할 기폭제가 돼 준 셈이죠 아파트 가 분 만에 만든 자작곡이라죠 탄생 비화가 궁금합니다 그 노래가 탄생한 년대 ,0
451, 초점 글로벌 시장 노리는 치킨 빅 관건은 맞춤 현지화 전략 ,0, 는 년 홍콩 시장 진출 이후 성공적인 현지 안착을 위해 시장조사와 사전 준비를 해왔다 며 코로나 종식 이후에 빠르고 안정적으로 해외 매장을 확장하고 있는 상황 이라고 강조했다 교촌에프앤비는 지난 ,0
452,카날리스 분기 출하량 천 만 대 돌파 ,1, 코파일럿 성능과 가격이 보급에 걸림돌 주요 제조사는 코로나 범유행이 끝난 이후 둔화된 출하량을 끌어 올리기 위한 수단으로 를 선택했다 인텔은 를 탑재한 를 올 연말까지 누적 천만 대 ,0
453, 양육비 논란 송종국 캐나다 이민 가나 영주권 취득 축구 사업 예정 ,0,이어 은퇴 후 년부터 축구교실을 운영 중이라며 코로나 시국 이후로 아직 정상적인 궤도에 못 올라왔다 고 고충을 토로했다 안정환은 송종국의 캠핑카 생활에 대해 계속 이렇게 살 거야 뭐라고 하는 게 아니라 ,0
454, 사의 찬미 가수 윤심덕 뛰어내린 관부연락선 내년 년 맞아,0, 코로나 팬데믹 시기에는 운항을 중단했다가 년 월 운항을 재개해 지난해에는 코로나 이전 수준인 만 천 명을 수송했다 부산해양청 관계자는 부산 시모노세키 항로는 우리나라 최초의 국제 여객 ,0
455, 럭셔리월드 불티나게 팔린 만원 쇼파 장기불황 구매 뚝 ,0, 코로나 기간을 기점으로 인테리어에 대한 관심을 키우며 고가 가구에 과거에 지갑을 열었던 소비자들이 최근 지갑을 닫고 있다는 분석이다 백화점에서 판매하는 인기 가구의 가격을 보면 만 만원 정도로 ,0
456,소강석 목사 영광이었지만 참 부끄럽기도 했습니다 ,1,저는 정말 코로나 이전부터도 한국교회 연합을 줄기차게 외쳐 왔습니다 물론 연합기관은 하나가 안 됐지만 정서적으로 하나 될 때가 많았습니다 포괄적 차별금지법을 비롯하여 반기독교 악법을 막고 한국교회가 하나 ,0
457, 자막뉴스 공격적 돌변한 원숭이에 점령 당한 태국 야생동물의 역공 ,0,못합니다 코로나 봉쇄 기간 사람들의 먹이 주기가 끊기자 굶주린 원숭이들이 더 거칠어진 겁니다 코로나 팬데믹으로 사슴 사냥이 줄고 사슴고기를 소비하는 식당들도 문을 닫은 게 원인으로 꼽힙니다 벤 릭비 ,0
458, 한국에서 살래요 한국 이민자 증가율 위,1,장크리스토프 뒤몽 국제이주부서장은 이민 증가 추세엔 코로나 이후 강력한 경제 회복에 따른 노동력 부족 인구 변화 생산가능인구 감소 등 다양한 요인이 반영됐다 고 설명했습니다 선진국 경제가 ,0
459,대구지법 택시 기사들 실업급여 반환처분 과하다 ,0,앞서 운전기사들은 코로나 유행을 기점으로 운수업이 정체되며 비자발적 퇴사를 했으며 실업 기간을 인정받아 년 사이 각기 실업급여 만 천 만원을 지급받았다 근로복지공단이 택시 운전기사들의 ,0
460, 만 전자 에 임원들도 자사주 매입 억원 규모,0,지난 일에는 만 원으로 마감하면서 코로나 팬데믹 시기인 년 월 일 종가 만 원 이후 년 개월 만에 만 전자 로 밀려났다 이날 삼성전자 주가는 연고점 대비 개월여 만에 급락하면서 ,0
461, 코스피 코스닥지수 트럼프발 패닉셀 에 무너진 코스피 코스닥은 ,0,지난 일 삼성전자는 만 천 원으로 장을 마감하며 코로나 사태 이후 년 개월 만에 만전자 로 밀려났다 지난주 일 유가증권시장 코스피 에서 외국인은 조 천 원을 순매도해 주 연속 매도 우위를 ,0
462, 칼럼 다시 중요해진 한 중관계 한 미관계와 비례적으로 풀어가자,0,올해 무역흑자가 조달러에 이르고 재정 지원을 통해 근근히 버티고는 있지만 코로나 사태 이후 정책을 코로나 사태 이후 강화한 게 도리어 화근으로 돌아오고 있다는 게 중론이다 이런 현실을 깨닫고 중국은 ,0
463, 암호화폐도 주식처럼 이스라엘 양도소득세 부과 예고,1, 년 코로나 당시 기록한 를 넘어 재정 악화가 우려된다 이스라엘 경제에 빨간불 이 켜지자 국가 감사국은 세무 당국에 강력한 조세 정책을 요구했다 암호화폐 매수에 따른 수익을 묵인하며 수십억 세켈을 ,0
464,광주 백일해 폐렴 확산세 부모들 불안 고조 ,0,시 보건당국은 코로나 가 안정세에 접어든 이후 개인 위생 수칙 준수 의식이 낮아지면서 호흡기 질환 감염이 증가한 것으로 보고 있다 백일해와 마이코플라즈마 폐렴 역시 감염성 호흡기 질환으로 어린 아이들 ,0
465, 다크나이트 가 된 중국몽 ,0, 년 코로나 팬데믹이 시작되기 훨씬 전부터 부부 사이는 손쓸 방법이 없을 정도로 금이 가 있었다 사이가 코로나 가 시작되면서 돈을 돌려달라 고 난리 치는 독촉 사태는 당분간 피할 수 있었지만 문제는 ,0
466, 그룹 양질 콘텐츠에 지갑 열린다 뉴스 재밌게 해도 돼 ,0,예를 들면 코로나 가 확산할 때 관련 정보를 일련의 차트 등으로 보여준 코비드 코로나 트랙커 가 호평받았다고 리딩 는 소개했다 최근에는 인공지능 의 얼굴 인식 기능을 이용해 실종된 우크라이나 아동들을 ,0
467, 포커스 극장서 마이크 잡는 스타들 품앗이로 시작한 이젠 입소문 ,0, 코로나 대유행 이후 영화계가 침체하면서 극장을 살리기 위해 영화인들이 품앗이 에 나섰다 대중의 낮아진 극장에 대한 관심을 끌어올리기 위해 시작한 일이었다 김성수 김한민 감독이 지난해 불과 한달 사이 ,0
468, 마켓인사이트 트럼프발 패닉셀 에 무너진 코스피 터널 끝은 어디에,0,지난 일 삼성전자는 만 천 원으로 장을 마감하며 코로나 사태 이후 년 개월 만에 만전자 로 밀려났다 지난주 일 유가증권시장 코스피 에서 외국인은 조 천 원을 순매도해 주 연속 매도 우위를 ,0
469,감염병전문병원 설계비 억 증액 수년째 유치도전 인천시 기대감 ,0,기재부는 코로나 종식에 따라 감염병에 대한 경각심이 낮아졌고 현재 호남권을 제외한 나머지 권역은 현재 공사가 진행되고 있지 않다는 이유로 추가 지정에 부정적인 입장이다 이에 인천시는 의료기관간 ,0
470,정부 경기회복 낙관론 물가 수출 고용지표 여전히 위태 안갯속 경 ,1, 코로나 사태 이후 누적된 물가 상승으로 인해 소비자들이 느끼는 물가는 통계와는 괴리가 있다는 설명이다 실제로 올해 월까지 평균 소비자물가지수는 로 년 물가지수 과 비교했을 때 상승했다 ,0
471,중구 대형마트 의무휴업일 평일로 변경,0,특히 코로나 팬데믹과 더불어 급성장한 온라인 시장으로 인해 대형마트와 전통시장이 경쟁 구도에 있던 과거와 달리 유통업계 판 자체가 변해 대형마트 의무휴업 제도의 실효성에 대한 의문이 커지고 있다 오히려 ,0
472,대한항공 아시아나 합병 순풍 속 장기적으로 고성장기대,1,이어 역사적으로 국내 항공사는 년 코로나 팬데믹에 따른 공급 축소로 운임이 큰 폭으로 상승한 사례를 제외하고 운임이 유의미하게 상승한 사례가 없었다 며 경쟁에 따른 운임의 하락만 방어해도 높은 수익성을 ,0
473, 와 세븐이 좋아 용산에 살고 있어요 한국 남자와 결혼해 한국에서 ,1,장크리스토프 뒤몽 국제이주부서장은 이민 증가 추세엔 코로나 이후 강력한 경제 회복에 따른 년 만 년 만 년 만명을 기록해 코로나 영향 기간을 제외하고는 꾸준한 증가세를 보였다 ,0
474, 인스파이어 효과 본격화 희비 엇갈린 외국인 카지노 업계,0,아울러 코로나 이후 해외 직항 노선이 빠르게 회복하면서 외국인들의 유입이 활발해진 점도 주목할만한 요소다 제주 해외 직항 노선은 분기 주 회에서 분기 회로 늘었다 제주관광공사의 외국인관광통계에 ,0
475,삼성전자 임원들도 주가 부양 노력 올해 자사주 억원 매입,0,지난 일에는 만 천 원으로 마감하면서 코로나 팬데믹 시기인 년 월 일 종가 만 천 원 이후 년 개월 만에 만전자 로 밀려났다 이날 삼성전자 주가는 연고점 대비 개월여 만에 급락하면서 ,0
476,카이스트 허성범 얼굴 천재 경이로운 암기력 상위 영재 맞네 아형 ,1,이것도 영향이 있을지 모르겠는데 살에 학교 갔는데 코로나 가 터져서 컴퓨터 앞에만 있었다 고 토로했다 한편 년생 만 세 허성범은 카이스트 전산학부를 거쳐 인공지능 대학원에 재학 중으로 쿠팡플레이 ,0
477, 고물가 저성장 속 외식업 노하우 전수 배민외식업컨퍼런스 개최,1, 년 신종 코로나 바이러스 감염증 코로나 로 인해 장사에 어려움을 겪는 사장님들을 위해 시작해 년까지는 온라인으로 작년에는 온 오프라인을 병행해 진행됐다 그간 총 만 명의 사장님 예비 사장님이 ,0
478,퀵커머스의 그늘 위기에 처한 배달 기사와 골목상권,0,배달 수요가 공급을 초과한 코로나 당시 천 만원 평일 점심 기준 이던 건당 배달비가 현재는 천 천 원까지 떨어졌다 코로나 엔데믹 풍토병화된 감염병 에 진입하고 배달 주문량이 주춤하자 배달 ,0
479, 회 심혈관 질환과 전기용품 화재 예방법,0,질병관리청 독감 코로나 백신 동시 접종 권고 폐질환 당뇨병 등 기저질환자는 코로나 백신 접종 권장 고령자와 밀접하게 접촉할 경우 백신 맞으면 도움 돼 최근 전기용품 화재 발생 최근 서울 노원구 부천서 ,0
480, 납품 지연 보잉 정리해고에 사태 악화 우려 대한항공 촉각 ,0,보잉은 년 코로나 발병으로 전 세계 항공수요가 급감하자 팬데믹 기간 두 차례에 걸쳐 직원 약 이는 미국과 중국 간 갈등 탓에 양국을 오가는 항공편이 주당 편으로 코로나 이전 주당 편 대비 분의 ,0
481,트럼프 국방 법무 보건복지장관 국가정보국장 지명자 논란 확산,1,특히 코로나 백신보다 동물용 구충제 이버멕틴과 말라리아약 클로로퀸의 유사 약물인 하이드록시클로로퀸을 사용했다면 코로나 사망자가 적었을 것이라고 황당한 주장까지 하는 백신 회의론자다 상원 다수당 ,0
482,빅 면세점 적자에 칼바람 한국여행 와도 면세점 안 간다 왜,1, 코로나 가 끝나면 상황이 나아지길 기대했지만 면세 업계 불황의 터널은 끝이 보이지 않는다 올해 분기 코로나 끝나도 면세점은 안 간다 팬데믹만 넘기면 회복될 줄 알았던 면세 고객 수가 크게 줄어든 탓이 ,0
483, 김범석 그는 미국인이다 쿠팡이 사과에 인색한 이유,0, 년 덕평 물류센터 화재 사고와 년 부천 물류센터 코로나 집단감염 때도 그랬다 업계는 경악한 쿠팡의 느린 사과 그 중심에는 한국인은 다소 낯설게 느낄 만한 김범석식 논리가 숨어 있다 남은 이야기가 ,0
484, 불법사채와 전쟁 법정최고금리 포퓰리즘 멈춰야 제 대 싱글맘 비 ,1, 년 이후 코로나 직전인 년까지 감소하던 신고 상담 건수가 년부터 늘기 시작해 년 만 건 만 건을 돌파했고 년 만 건으로 연간 기준 역대 최고치를 기록했다 올해도 이 같은 추세라면 지난해 ,0
485, 이 키운 제 의 키신저 머스크는 보험인가 인질인가 ,0, 코로나 사태의 여파로 중국 경제가 장기침체에 빠진 뒤로 머스크는 더욱 극진한 대접을 받았다 지난 월 머스크는 앞서 지난해 월 코로나 이후 최초로 베이징을 찾았을 때도 극진한 환대를 받았다 테슬라에 ,0
486,화천군 일 수능 힐링콘서트 년만에 재개,1, 코로나 펜데믹의 영향 등으로 콘서트가 열리지 못하다 년 만에 다시 열리게 돼 지역 청소년들의 관심과 기대가 크다 이날 행사에는 워터밤 여신 으로 큰 인기를 끌고 있는 가수 권은비와 밴드 루시 가 출연한다 ,0
487, 취재수첩 이 구역 짱은 나야 나 백양사 가래떡 꼬치를 아시나요 ,1,백양사가 만든 히트 상품 들기름 가래떡 은 코로나 로 절 살림이 어려워지자 주지 무공스님과 신도들이 개발한건데요 최근에는 인기가 더 높아진 것 같습니다 어려운 경제 사정으로 요즘 사찰들도 넉넉하지 못하다보니 ,0
488, 비즈토크 하 부영신화 이끈 이중근 회장 세 경영 아직 때가 아니다 ,1,대형마트인 이마트가 코로나 팬데믹 이후 년 만에 분기 최대 실적을 달성해 눈길을 끌었는데요 동시에 코로나 팬데믹 영향으로 오프라인 유통채널들이 암흑기를 겪었던 지난 년 분기 이후 약 년 만에 기록한 ,0
489, 황덕준의 크로스오버 다시 내 나라에서 살고 싶은 해외동포의 마음 ,1, 코로나 팬데믹 직전인 년의 만 명에 비해 가량 늘었다 년 전인 년의 만 명에 비하면 무려 나 많아졌다 지난 월 미국의 유력 매체 중 하나인 로스앤젤레스 타임즈는 서울특파원발로 장문의 ,0
490, 비즈토크 상 왜 연구소서 사교 모임 노소영의 미래회 대답 못 ,0,마지막으로 유통업계에서는 대형마트인 이마트가 코로나 팬데믹 이후 년 만에 분기 최대 실적을 달성해 주목받았습니다 올해 연말까지 새로운 투자자를 찾아야 했던 이커머스 계열사 닷컴도 신규 투자자 유치에 ,0
491, 월드컵 데뷔전서 골 케인이 직접 밝힌 인생경기 ,1,그전까지 전 세계가 코로나 로 힘든 시기를 보냈고 잉글랜드도 예외는 없었다 정말 오랜만에 많은 사람이 코로나 사태로 하부 리그가 재정 위기에 빠지자 자신이 몸담았던 레이튼 오리엔트에 도움의 손길을 ,0
492, 만전자 추락에 개미도 아메리카 퍼스트 선데이 머니카페 ,0,삼성전자가 만 원대 주가를 기록한 것은 코로나 가 확산한 년 월 이후 처음이었습니다 현재 삼성전자는 년 가동을 목표로 미국 텍사스주 테일러에 억 달러를 투자해 반도체 공장을 건설하고 있습니다 ,0
493, 한국에서 살래요 이민자 증가율 위 이유가 ,0,장크리스토프 뒤몽 국제이주부서장은 이민 증가 추세엔 코로나 이후 강력한 경제 회복에 따른 노동력 부족 인구 변화 생산가능인구 감소 등 다양한 요인이 반영됐다 고 분석했다 지난해 이민자 유입이 ,0
494, 대통령 표준 포럼 창설 제안 대전환의 시대 전문 ,0, 코로나 팬데믹으로 이동이 제한되던 시기에 모바일 카드로 업그레이드되었습니다 안전성과 편리성이 더 높아지면서 지금은 만 장이 넘는 카드가 발급되어 널리 활용되고 있습니다 아태지역의 경제 통합을 위한 ,0
495, 한국에서 살래요 이민증가율 위 그 이유는,0,장크리스토프 뒤몽 국제이주부서장은 이민자 급증은 코로나 이후 경제 회복에 따른 노동력 부족 생산가능 인구 감소 같은 인구 변화 등 다양한 요인이 반영됐다 고 설명했다 이민자 유입은 선진국의 ,0
496, 이혼 송종국 캐나다 이민 가나 영주권 취득 축구 시장 괜찮아 가보 ,0, 코로나 시국 이후에 정상적인 궤도에 올라오지 못했다 고 전했다 안정환은 너 계속 이렇게 살 거냐 라며 향후 계획을 물었고 송종국은 우선 애들 축구 가르치는 게 너무 좋고 내일모레 우선 캐나다에 들어간다 ,0
497,주윤발 허벅지 혹 종양 아니다 건강 이상설 일축,0,주윤발은 지난해 월 코로나 에 감염돼 혼수상태에 빠졌다는 루머부터 사망설 에 휩싸이기도 했다 년생인 주윤발은 중화권 톱스타로 영화 영웅본색 첩혈쌍웅 도신 와호장룡 ,0
498,골프장서 피크닉 요가 키즈카페까지 ,1,줄어드는 손님에 몸부림치는 골프 산업 코로나 기간에 반짝 늘기는 했지만 일본 골프업계 고민거리 중 코로나 기간에 만명까지 깜짝 늘었지만 도로 감소했다 그나마 희망적인 것은 지난해 골프웨어 시장 ,0
499, 인터뷰 자유여행브랜드 올패스투어 박선경 대표 편안한 푸켓여행 제 ,1,경우 코로나 전과 후 확연히 떨어진 한국여행수요를 타깃으로 데스티네이션 푸켓을 최우선적으로 항공이 코로나 전만해도 많게는 일일 대였지만 지금은 하루 편 혹은 주 편에 그쳐 공급석 항공좌석 이 너무 빠졌다 ,0
500,추워지는데 폐렴부터 백일해까지 소아 감염병 주의보 ,0, 왔습니다 코로나 가 끝난 지난해부터 올해까지 어린이 입원 환자 중 이상이 감염병에 걸린 경우라는 조사 결과가 발표됐습니다 강은식 대한소아청소년병원협회 부회장 코로나 이후 무방비 상태에서 많은 감염에 ,0
501, 동네멋집 방문객 천 명 이번엔 증산시장 유정수 평 기적 만들 ,0,그는 코로나 시기에 대출을 많이 받게 됐다 이게 쌓이다 보니 매장영업도 중단했다 처음부터 시작한단 각오 라고 밝혔다 서민갑부 에 출연한 사장님도 있었다 사진 동네멋집 ,0
502, 코로나 이후 소아청소년병원 입원 명 중 명 폐렴 등 감염병 ,0, 코로나 유행 이후 대부분의 소아청소년병원에 입원한 환자 명 중 명 이상이 마이코플라즈마 폐렴 코로나 백일해 등 감염병이라는 조사 결과가 나왔다 코로나 유행 이후 대부분의 소아청소년병원에 ,0
503,김영록 지사 전남임업 미래 년 기틀 지혜 당부 함평서 산림조합 한 ,1,광주 전남 산림조합 한마음대회는 년부터 년까지 회 연속 개최했으나 코로나 로 중단됐다가 재개됐다 산림조합 임직원과 임업인의 결속력을 다짐하는 장으로 진행됐다 김영록 지사는 산림은 대표적 ,0
504, 한 주를 관통하는 보안 소식 년 월 주차 사냥 ,0,우한으로부터 시작한 것이 거의 분명해 보이는 코로나 가 한창 퍼져갈 때에도 중국은 이런 식으로 대응했었다 당시 우한의 주민들은 도시에서 나올 수 없었고 거기서 코로나 에 걸려 죽어갔다 해당 사고에 대해서 알려진 ,0
505, 사망설 까지 돌았던 주윤발 허벅지 혹 종양 아냐 건강 이상설 일축,0,주윤발은 지난해 월 코로나 에 감염돼 혼수상태에 빠졌다는 루머부터 사망설 에 휩싸이기도 했다 당시 시나연예 등 현지 언론은 주윤발이 뇌졸중으로 혼수상태에 빠졌다 며 의식이 돌아오지 않는 중 이라고 보도해 ,0
506, 특파원보고 세계는 지금 트럼프 강경 매파 내각 구성 외,1, 중국 배달 라이더들의 극한 근무 코로나 팬데믹 이후 전 세계적으로 배달 업계가 급성장한 가운데 중국은 세계 최대의 배달 시장을 자랑한다 중국의 대표적인 배달 앱인 메이퇀과 어러머의 보고서에 따르면 이들 ,0
507, 소아 청소년 입원 명 중 명은 감염병 ,0, 코로나 유행 이후 대부분의 소아 청소년병원에 입원한 환자 명 중 명 이상이 마이코플라즈마 폐렴 코로나 백일해 등 감염병이라는 조사 결과가 나왔습니다 대한소아청소년병원협회는 소아 청소년병원 곳을 ,0
508, 여기가 의 나라입니까 한국서 살아볼래요,0,장크리스토프 뒤몽 국제이주부서장은 이민 증가 추세엔 코로나 이후 강력한 경제 회복에 따른 노동력 부족 인구 변화 생산가능인구 감소 등 다양한 요인이 반영됐다 고 설명했다 ,0
509,한예슬 소유 떴더니 대박 셀럽 마케팅에 열 올리는 홈쇼핑 왜 ,1,테이스티 맛은 지난 년 코로나 로 외식 기회가 줄고 집밥 수요가 증가하면서 레스토랑을 그대로 옮긴 듯 셰프의 요리를 어디서든 즐기자 라는 콘셉트로 기획한 식품 전문 프로그램이다 최현석 여경래 미카엘 ,0
510,소아입원환자 명 중 명 소아감염질환 최다질환은 폐렴 ,0,이에 따르면 코로나 이후 입원환자 명 중 명 이상은 마이코플라즈마 폐렴 코로나 아데노바이러스 백일해 등 소아감염질환 환자인 것으로 나타났다 특히 입원 비율이 가장 높은 질환은 마이코플라즈마 ,0
511,분당서울대병원 감염내과 김홍빈 교수 대한감염학회 차기 이사장 선출,0,메르스 코로나 등 감염병 국면마다 국가 감염 관리에 핵심적인 역할을 했으며 년에는 메르스 김홍빈 교수는 세계적으로 심각한 보건의료문제가 되고 있는 항생제내성과 코로나 를 뒤이을 미지의 ,0
512, 노조원 채용하라 건설현장 마비시킨 민주노총 간부들 징역형,0,또한 코로나 방역이 한창이던 당시 불법 집회를 주도해 감염병예방법 위반 혐의도 적용됐다 재판부는 피고인들은 대부분의 혐의를 부인하며 자신들의 행위를 정당하다고 주장하고 반성의 태도를 보이지 않았다 며 ,0
513,소아청소년병원 호흡기 감염 비상 마이코플라즈마 폐렴 입원 위,0, 코로나 사태 이후에 소아청소년병원 입원 환자 명 중 명이 마이코플라즈마 폐렴 코로나 백일해 등 호흡기 계통의 감염병을 앓고 있다는 조사결과가 나왔다 대한소아청소년병원협회는 소아청소년병원 곳을 ,0
514,김영록 지사 전남임업 미래 년 기틀 지혜 당부,1,광주 전남 산림조합 한마음대회는 년부터 년까지 회 연속 개최했으나 코로나 로 중단됐다가 재개됐다 산림조합 임직원과 임업인의 결속력을 다짐하는 장으로 진행됐다 김영록 지사는 산림은 대표적 ,0
515,열나고 멎지 않는 기침 혹시 감기 코로나 아닌 백일해 몸의경고 ,0,열이 나고 기침 증상이 있으면 보통 감기나 독감 코로나 를 떠올리지만 백일해 도 의심해볼 필요가 있다 특히 백신을 맞지 않은 세 미만 영아는 폐렴 등 중증 질환으로 악화할 위험이 커 백신 접종이 필수다 ,0
516,소아 폐렴 조심 소아청소년병원 입원 명 중 명 감염병 ,0, 코로나 유행 이후 대부분의 소아청소년병원에 입원한 환자 명 중 명 이상이 마이코플라즈마 폐렴 코로나 백일해 등 감염병이라는 조사 결과가 나왔다 대한소아청소년병원협회 구 대한아동병원협회 는 ,0
517,소아청소년병원 입원 명 중 명 폐렴 등 감염병,0, 스카이데일리 소아청소년병원에 입원한 환자 명 중 명 이상이 마이코플라즈마 폐렴 코로나 협회는 코로나 유행 후 다양한 소아 감염병이 유행하면서 입원 환자가 급증하는 추세라며 앞으로도 당분간 ,0
518,소아청소년병원 입원 명 중 명 폐렴 백일해 등 감염병,0,올해 소아청소년병원에 입원한 환자 이상이 마이코플라즈마 폐렴 코로나 백일해 등 감염병 뒤이어 코로나 아데노바이러스 그 외 바이러스폐렴 장염 백일해와 수족구 각 ,0
519, 백신 맞으면 뇌 사라져 미 보건장관 지명자 주장들 살펴보니,1,케네디 주니어는 동물용 구충제 이버멕틴과 말라리아약 클로로퀸의 유사 약물인 하이드록시클로로퀸을 사용했다면 코로나 사망자가 적었을 것이라고 주장했습니다 그러나 두 약은 코로나 에 효과가 없다는 결론이 ,0
520,한국 위상 달라졌네 이민 가자 위로 높았다,1,장크리스토프 뒤몽 국제이주부서장은 이민 증가 추세엔 코로나 이후 강력한 경제 회복에 따른 노동력 부족 인구 변화 생산가능인구 감소 등 다양한 요인이 반영됐다 고 설명했다 사진출처 연합뉴스 ,0
521,백일해 환자 지난해의 배 예방접종 필수 ,1, 최용재 대한소아청소년병원협회 회장 감염질환 환자수가 급증하는 추세인 것 코로나 이후로 아주 많이 올라가고 있다는 것 앞으로도 이것이 지속될 것으로 생각되고 발작성 기침이 특징인 백일해는 항생제 ,0
522, 인실 가장 시급하다 소아청소년병원 입원 이 질환 ,0, 코로나 사태 이후 소아감염질환 환자 수가 급증하고 있는 것으로 나타났다 최근 국내 첫 백일해 협회에 따르면 코로나 팬데믹 대유행 이후 소아 청소년병원에 입원한 환자 명 중 명 이상은 ,0
523, 코로나 이후 소아 감염병 유행 지속 입원 환자 명 중 명,0, 코로나 유행 이후 대부분의 소아청소년병원에 입원한 환자 명 중 명 이상이 마이코플라즈마 폐렴 코로나 백일해 등 감염병이라는 조사 결과가 나왔습니다 오늘 일 대한소아청소년병원협회 구 ,0
524, 소아 청소년 병원 입원 명 중 명은 감염병 ,0, 코로나 유행 이후 대부분의 소아 청소년 병원에 입원한 환자 명 중 명 이상이 마이코플라즈마 폐렴 코로나 백일해 등 감염병이라는 조사 결과가 나왔습니다 대한소아청소년병원협회는 소아 청소년병원 곳을 ,0
525,함평서 광주 전남 산림조합 한마음 대회 열려,0,산림조합중앙회 광주 전남지역본부 주최로 열린 이 날 대회는 지난 년부터 년까지 회 연속 개최했으나 코로나 로 중단됐다가 재개됐다 행사에는 김영록 전남도지사 이상익 함평군수 이개호 국회의원 한민 ,0
526,소아 감염질환 입원율 넘었다 마이코플라즈마 폐렴 최다,0, 코로나 유행 이후 소아청소년병원 입원 환자의 이상이 마이코플라즈마 폐렴 코로나 백일해 등 감염병 환자인 것으로 나타났다 일 대한소아청소년병원협회 구 대한아동병원협회 는 전국 소아청소년병원 ,0
527, 경기부양책 신중 모드 현지 전문가에게 들어보니 양병훈의 해외 ,1,미국은 코로나 사태가 터졌을 때 정부가 찍어낸 채권을 중앙은행 이 인수하고 정부가 그 돈으로 확장 경향은 코로나 이전 수준으로 거의 회복됐지만 소득이 늘지 않아 경기가 활성화되지 않고 있기 때문에 소득 ,0
528, 저 한국 가서 살래요 이민자들 전 세계에서 몰려든다는데 이유 알고 ,1,장크리스토프 뒤몽 국제이주부서장은 이민 증가 추세엔 코로나 이후 강력한 경제 회복에 따른 노동력 부족 인구 변화 생산가능인구 감소 등 다양한 요인이 반영됐다 고 설명했다 이민자들이 가장 ,0
529,소아청소년병원 입원 명 중 명 폐렴 등 감염병,0, 코로나 유행 이후 소아청소년 병원에 입원한 환자 가운데 이상이 폐렴 백일해 등 감염병이라는 조사 다음으로 코로나 감염 이 두 번째로 많았고 아데노바이러스 바이러스폐렴 장염 백일해 ,0
530,오산시 다음달 김포공항 리무진버스 신설운행,1, 코로나 사태를 겪으며 중단됐던 오산역 김포국제공항 간 리무진버스 노선이 부활해 오는 월부터 운영에 돌입한다 시는 이날 시청 층 상황실에서 운송그룹과 오산 김포공항 시외버스 재정협약 을 체결하고 ,0
531, 소아청소년병원 입원 이상 폐렴 코로나 백일해 등 감염병 ,0,최근 소아청소년병원에 입원한 환자 명 중 명 이상이 마이코플라즈마 폐렴 코로나 백일해 등 이어 코로나 아데노바이러스 그 외 바이러스폐렴 장염 백일해와 수족구 각 ,0
532,고물가 장기화에 올 상반기 가계 실질 식품 소비량 감소,0,식품제조업의 재고율은 평균 로 관리가 양호하나 전년 동기 대비 소폭 증가하며 에 근접하는 양상을 보였다 이는 코로나 이후 상반기 재고율 중 두 번째로 높은 수치다 ,0
533,소아청소년 입원 명 중 명은 감염병 폐렴 코로나 아데노바이러스,0, 연합뉴스 코로나 유행 이후 소아 감염병이 유행하고 있다 이 가운데 소아청소년병원 입원 환자 명 코로나 아데노바이러스 그 외 바이러스폐렴 장염 가 뒤를 이었다 백일해와 수족구병은 ,0
534, 코로나 이후 소청과 입원 명 중 명은 감염환자 병실료 실비 확대 ,0, 코로나 사태 이후 소아청소년병원에 입원한 환자 명 중 명 이상은 마이코플라즈마 폐렴 코로나 아데노바이러스 백일해 등 소아감염질환 환자인 것으로 분석됐다 또 입원시 환아 보호자들이 가장 많이 ,0
535,남원시 코로나 예방접종 시작 세 이상 대상,0,남원시가 지난달 일부터 오는 년 월 일까지 코로나 예방접종을 실시한다고 지난 일 밝혔다 이번 입원 입소자는 코로나 예방접종이 필요하다 며 코로나 예방접종에 차질이 없도록 위탁의료기관 ,0
536, 소아청소년병원 입원 명 중 명은 폐렴 등 감염병 ,0, 코로나 유행 이후 소아청소년병원에 입원한 환자 명 중 명 이상이 마이코플라즈마 폐렴 코로나 백일해 등 감염병 때문이라는 조사 결과가 나왔습니다 대한소아청소년병원협회는 소아청소년병원 곳을 ,0
537,수입 냉동육 초대형 투자사기에 경찰 부실 수사 의혹 제기,0,그러나 창고업체 측에서 코로나 등으로 인해 수입 냉동육 실물 재고 조사가 어렵다 고 답변하면서 진행하지 못한 것으로 알려졌다 그런데 당초 박씨의 약속과 달리 원금 변제와 이자 지급은 계속 지연됐다 박씨와 ,0
538, 소아청소년병원 입원 명 중 명은 폐렴 등 감염병 ,0,소아청소년병원에 입원한 환자 대부분이 마이코플라즈마 폐렴이나 코로나 백일해 등의 감염병 탓이라는 협회는 코로나 유행 후 다양한 소아 감염병이 유행하면서 입원 환자가 급증하는 추세라며 앞으로도 ,0
539, 소아청소년병원 입원 명 중 명은 폐렴 등 감염병 ,0, 코로나 유행 이후 대부분의 소아청소년병원에 입원한 환자 명 중 명 이상이 마이코플라즈마 폐렴 코로나 백일해 등 감염병이라는 조사 결과가 나왔습니다 대한소아청소년병원협회는 소아청소년병원 ,0
540,소아청소년병원 입원 명 중 명 감염병 환자였다,0, 코로나 이후 다양한 소아 감염병이 유행하는 가운데 올해 소아청소년병원에 입원한 환자 명 중 명은 협회는 코로나 유행 후 다양한 소아 감염병이 유행하면서 입원환자가 급증하는 추세 라며 앞으로도 ,0
541,소아청소년 입원 명 중 명은 감염병 마이코플라즈마 폐렴 최다,0, 코로나 사태 이후 소아청소년병원에 입원한 환자 명 중 명 이상이 마이코플라즈마 폐렴 코로나 백일해 등 감염병으로 인한 것으로 나타났다 그중에서도 마이코플라즈마 폐렴으로 입원한 환자가 가장 많은 ,0
542, 소아 청소년 입원 명 중 명은 감염병 때문 ,0, 코로나 유행 이후 대부분의 소아청소년병원에 입원한 환자 명 중 명 이상이 마이코플라즈마 폐렴 코로나 백일해 등 감염병 때문에 입원했다는 조사 결과가 나왔다 대한소아청소년병원협회 구 ,0
543,소아 청소년병원 입원 명 중 명 폐렴 등 감염병,0,최근 소아청소년병원에 입원환 환자 이상이 마이코플라즈마 폐렴 코로나 백일해 등 감염병 증상 마이코플라즈마 폐렴에 이어 코로나 아데노바이러스 그 외 바이러스폐렴 장염 백일해와 ,0
544, 소아청소년병원 입원 명 중 명은 폐렴 등 감염병 ,0, 코로나 유행 후 다양한 소아감염병이 유행하면서 입원환자가 급증하는 추세로 분석된다 올해 입원환자 중 가장 많은 소아 감염질환은 마이코플라즈마 폐렴으로 를 차지했다 다음으로는 코로나 ,0
545, 소아 청소년병원 입원환자 명 중 명 백일해 폐렴 등 감염병 ,0, 코로나 사태 이후 소아 청소년병원 입원환자 명 중 명 이상은 백일해 마이코플라즈마 폐렴 최 회장은 코로나 팬데믹 대유행 이후 소아 청소년병원에 입원한 환자 명 중 명 이상은 ,0
546, 콜록콜록 에이취 단순 감기인 줄 알았는데 소아 폐렴 급증,0, 코로나 유행 이후 소아청소년병원에 입원한 환자 명 중 명 이상이 마이코플라즈마 폐렴 코로나 백일해 등 감염병이라는 조사 결과가 나왔다 대한소아청소년병원협회 구 대한아동병원협회 는 ,0
547,폐렴 코로나 백일해까지 소아청소년 감염병 늘었다,0, 코로나 유행 이후 소아청소년병원에 입원한 환자 명 중 명 이상이 마이코플라즈마 폐렴 코로나 백일해 등 감염병이라는 조사 결과가 나왔다 대한소아청소년병원협회 구 대한아동병원협회 는 ,0
548, 가치있는 산림 앞장서겠다 함평서 산림조합 한마음대회,1,지난 년 시작된 광주 전남 산림조합 한마음대회는 코로나 시기를 제외하고 매년 개최됐으며 산림조합 임직원과 임업인의 결속력을 다짐하는 장으로 진행됐다 김 지사는 산림은 대표적 탄소흡수원이면서 자연 ,0
549, 백신 맞고 자폐증 미 보건장관 지명자 돌팔이 주장들 시험대,0, 동물 구충제로 코로나 퇴치 효과 없다 이미 결론 케네디 주니어는 동물용 구충제 이버멕틴과 말라리아약 클로로퀸의 유사 약물인 하이드록시클로로퀸을 사용했다면 코로나 사망자가 적었을 것이라는 ,0
550,소아청소년병원 입원 감염환자 마이코플라즈마 폐렴 가장 많아,0, 코로나 사태 이후 소아청소년병원에 입원한 환자 명 중 명은 마이코플라즈마 폐렴 백일해 등 협회는 코로나 이전에는 입원실 감염환자수가 일반환자 비율과 대 정도였으나 코로나 이후 다양한 ,0
551, 소아청소년병원 입원 명 중 명은 폐렴 등 감염병 ,0,올해 가장 많은 소아 감염질환은 마이코플라즈마 폐렴 코로나 유행 이후 대부분의 소아청소년병원에 입원한 환자 명 중 명 이상이 마이코플라즈마 폐렴 코로나 백일해 등 감염병이라는 조사 결과가 나왔다 ,0
552,전남도 함평서 산림조합 한마음대회 가치있는 산림 앞장 다짐,1,또 이날 광주 전남 산림조합 한마음대회는 지난 년부터 년까지 회 연속 개최했으나 코로나 로 중단됐다가 재개됐다 산림조합 임직원과 임업인의 결속력을 다짐하는 장으로 진행됐다 김영록 지사는 산림은 ,0
553,파키스탄 보건비상사태 발령 의료진 휴가 금지,0,알라마 이크발 의과대학 무하마드 아쉬라프 교수는 모든 환자가 호흡기 감염으로 고통받고 질병이 대량으로 확산하고 있어 코로나 보다 더 비상인 상황 이라며 정부 차원의 조치가 필요하다고 강조했다 ,0
554,남원시 내년 월까지 코로나 예방접종,1,남원시는 내년 월 일까지 코로나 예방접종을 실시한다 코로나 예방접종은 관내 병 의원 곳에서 사전 예약 없이 접종 가능하다 접종대상자는 세 이상 어르신 면역저하자 감염취약시설 입원 입소 종사자 ,0
555,김영록 지사 함평서 전남임업 미래 년 기틀 지혜 당부,1,광주 전남 산림조합 한마음대회는 년부터 년까지 회 연속 개최했으나 코로나 로 중단됐다가 재개됐다 산림조합 임직원과 임업인의 결속력을 다짐하는 장으로 진행됐다 김 지사는 산림은 대표적 ,0
556, 온몸에 문신 백신 음모론 논란 계속되는 트럼프 정부 지명자들,1,뿐만 아니라 케네디 주니어는 코로나 사태 당시 동물 구충제로 코로나 치료가 가능하다고 주장해 문제가 된 적도 있다 그는 지난해 월 언론 인터뷰에서 코로나 는 백인과 흑인을 공격하기 위해 만들어졌다 가장 ,0
557, 밸브가 말하는 스팀덱을 만든 이유 ,0,문제는 스팀덱의 외형을 개발할 때 코로나 가 발생했다 기기 디자인을 위해서는 실제 모형을 끝없이 만들고 피드백해야 했는데 개발팀 모두가 재택근무를 해야 했다 덕분에 소포나 프린터 등으로 컨트롤러를 ,0
558, 코로나 보다 더 비상 파키스탄 펀자브 덮친 대기오염,0,알라마 이크발 의과대학 무하마드 아쉬라프 교수는 모든 환자가 호흡기 감염으로 고통받고 질병이 대량으로 확산하고 있어 코로나 보다 더 비상인 상황 이라고 말했다 ,0
559, 우리 조합원 안 쓰면 공사 못해 건설현장 마비시킨 민주노총 직원들 ,0,이들은 또 코로나 시국이던 당시 인 이상 참가하는 집회를 진행 집합제한 금지 조치를 위반한 혐의도 있다 법정에 선 피고인들은 강요를 공모하지도 않았고 협박한 사실도 없다 며 채용을 위한 교섭을 요구하는 ,0
560, 조합원 채용하라 건설현장 마비시킨 민노총 노조원들 징역형,0,이들은 또 코로나 시국이던 당시 인 이상 참가하는 집회를 진행 집합제한 금지 조치를 위반한 혐의도 있다 법정에 선 피고인들은 강요를 공모하지도 않았고 협박한 사실도 없다 며 채용을 위한 교섭을 요구하는 ,0
561,윤 대통령 서밋 참석 연결 혁신 번영 협력 방향 제시,0, 코로나 팬데믹으로 이동이 제한되던 시기에 모바일 카드로 업그레이드되었습니다 안전성과 편리성이 더 높아지면서 지금은 만 장이 넘는 카드가 발급되어 널리 활용되고 있습니다 아태지역의 경제 통합을 ,0
562,당뇨 환자 명 중 명 조절에 한계 ,0,실제 당뇨병 진료비 지출은 년 단일상병 기준으로 고혈압에 이어 두 번째로 높았으며 코로나 제외 급격한 고령화 추세와 젊은 연령층의 비만 증가로 당뇨병 진료실 인원도 지난 년 증가한 것으로 집계됐다 ,0
563,보건복지위 내년 전공의 지원 사업 억원 감액,0,전환된 코로나 예방접종비를 전액 국비로 편성하기 위한 억 만원 등이고 주요 감액 사항은 한국형 프로젝트 의 년도 실집행 부진 상황을 고려한 억원 적정성 검토로 인한 사업추진 지연이 ,0
564, 길따라 멋따라 만 마일 준다고 항공사 이벤트에 마일런 열풍,0,관광 없이 보름 동안 꼬박 비행기만 타야 달성 가능 일부선 무리 지적 코로나 엔데믹 이후 해외여행 붐이 일면서 항공사 마일리지 확보에 대한 관심이 날로 뜨거워지고 있다 소비자들은 항공기 탑승 또는 카드를 ,0
565, 배 레버리지 돼야 직성 풀리는 서학개미들 국내서도 만명 교육받 ,1, 코로나 팬테믹 이후 개미들이 국내외를 가리지 않고 고위험 고수익 레버리지 상품을 노리는 공격적인 증권가에서는 코로나 팬데믹 이후 벼락거지 라는 신조어가 등장하는 등 투자수익에 대한 조급증이 ,0
566,물류 시스템 자동화 제조업 생산 패러다임 바꾼다,1,사실 물류자동화 시장은 코로나 시절 비대면 물동량이 늘어나면서 비약적으로 성장했다 이커머스 이커머스 등 시장의 급성장 속 코로나 팬데믹 상황과 인력 부재는 첨단기술의 도입으로 이어졌고 기업들의 투자 ,0
567, 특파원보고 세계는 지금 트럼프 당선 후 속도 내는 인선 중국 배달 ,0, 사진출처 코로나 펜데믹을 기점으로 전 세계 음식 배달 업계는 급속히 몸집을 키웠다 그 중에서도 가장 큰 배달 업계 규모를 자랑하는 것은 단연코 중국이다 중국 내 최대 배달 앱 메이퇀과 어러머가 올해 ,0
568,아낌없이 주는 윤석열 에누리 없이 받는 트럼프,1,트럼프 대통령이 시작한 무역전쟁 이나 코로나 팬데믹 바이든 정부의 중국 수입품 제한에도 불구하고 중국은 미국보다 더 빠른 성장을 계속하고 있는 것이다 믿었던 동아줄이 썩은 동아줄일 수도 이러한 변화는 ,0
569,면세점 업계 찬 바람 불자 칼바람 섬뜩 ,1,엎친 데 덮친 격으로 코로나 이후 적용된 면세점 특허수수료 감경 혜택도 올해 끝난다 최근 신세계디에프 관계자는 코로나 에 이어 중국의 경기 둔화 고환율 소비 트렌드 변화 등의 어려운 여건 속에 경영 ,0
570, 충북도 도민대상 김우진 선수 등 명 선정 시상식 월 일,0,청주상공회의소 대 회장으로 재임하며 미 중 갈등 코로나 팬데믹 등의 위기 속에서도 충북경제단체협의회를 결성하는 데 중추적인 역할을 수행했으며 여 개 회원사를 대표해 상공인의 권익 향상과 경쟁력 ,0
571,바르게살기운동 광주 북구협의회 오치 동위원회 방역 소독 봉사,1,이날 박영덕 북구협의회 부회장을 비롯한 오치 동위원회 회원들은 행정복지센터와 꿈나무작은도서관 지역아동센터 등 주민들의 왕복이 많은 곳을 대상으로 코로나 감염에 노출될 위험이 많은 출입문 손잡이 ,0
572, 만원 멤버십 권하는 유기동물 보호소 신종펫샵 주의보 댕냥 ,0,고양이 코로나 등에 감염돼 있었다 고 말했습니다 수 십명의 피해자들이 모여 해당 업체를 고소하려고 하자 업체는 현재 문을 닫고 운영을 하고 있지 않는 상황입니다 씨는 두 달여 전에 맡긴 고양이에 대한 행방을 ,0
573, 끼워팔기 는 기본 폭우에도 골프장 와서 취소하라니 ,0,골프의 인기가 높아지기 시작한 건 신종 코로나 바이러스감염증 코로나 감염 우려로 사회적 거리두기를 시행하면서다 여가 활동에 제약이 생겼지만 골프는 타인과의 접촉을 최소화하면서 즐기는 야외 활동이기에 ,0
574, 여경 코멘토 월 첫째 주 명이 개 코멘트 무슨 내용 ,0, 코로나 팬데믹 완화에 따른 현상으로 풀이된다 전체 혼인 중 다문화 혼인이 비중은 로 집계됐다 년 전인 년보다 포인트 늘어난 수치다 란 문장에서 번째 문장이 첫 번째 문장을 다시 한번 얘기하는 ,0
575,정읍시 청소년 찾아가는 자원봉사 페스티벌 개최,0, 청소년 찾아가는 자원봉사 페스티벌 은 코로나 팬데믹 이후 지속적으로 감소하고 있는 청소년들의 활동 참여율을 증진시키고 지역사회 내 청소년들에게 자원봉사의 의미와 가치를 알리며 다양한 봉사 활동을 체험할 ,0
576,축제가 끝 아니다 포항 과메기는 추워지는 지금 시작,0,전에는 코로나 로 장사가 완전히 죽을 쒔지만 지난해부터는 점차 방문객이 늘어나고 있다 고 말했다 년 과메기 매출액은 약 억원 수준이었다가 신종 코로나 바이러스 감염증 코로나 기간 거의 반 토막이 난 뒤 ,0
577, 오늘의 주요 사회 일정 사회 월 일 토요일 ,1, 시 코로나 진상규명시민연대 태평로 가 시청역 번출구 앞 인도 코로나 백신 진상규명 촉구 오후 시 신참정연 용산동 가 전쟁기념관 앞 인도 삼각지로터리 총선 부정선거 수사 촉구 오후 시 ,0
578, 분건강 백일해 세계 유행 예방접종 적극 참여해야,0,이와 같은 유행 상황은 코로나 로 백신 접종률이 낮아진 여파로 분석된다 백일해는 전 세계적으로 확산하고 있는데 미국에서는 만여 명의 환자가 발생했고 영국은 영아 명이 사망했으며 프랑스에서도 만 명 ,0
579,미국 분기 상업용 부동산 대출 급증 ,0,이 지수는 지난 분기 년 기준 로 마감해 코로나 팬데믹 이전 년 평균인 에 근접했다 분기 상업용 담보대출의 평균 스프레드는 포인트로 전년 대비 포인트 감소했다 다만 올해 분기 이후에는 ,0
580, 세계에서 가장 영향력 있는 여성 ,1,일본항공은 일본의 코로나 이후 관광 붐의 혜택을 누리고 있다 그러나 최고경영자로서 도토리는 약한 엔화 보잉 의 제조 실수 그리고 그가 최고경영자로 발표되기 주 전에 발생한 활주로 충돌 ,0
581,현대바이오 무고통 항암제 췌장암 동물용 선회,1,구체적으로 현대바이오는 니클로사마이드로 코로나 치료제 원숭이두창 치료제 살인진드기 바이러스로 인한 중증열성혈소판감소증후군 치료제 뎅기열 치료제 유전자 돌연변이로 인한 난치성 암 치료제 ,0
582, 롤러코스터 탄 삼전 돌아온 외국인에 만 찍고 반등 종목현미경 ,0,이날 삼성전자의 종가 기준 주가 상승률 은 코로나 하락장 때인 지난 년 월 일 상승률 이후 약 년 개월 만의 최대 수준이다 정인지 유안타증권 연구원은 지난 일 기준으로 삼성전자의 일간 ,0
583,호세 무뇨스 현대차 신임 트럼프 시대 이끌 적임자,0,무뇨스 가 현대차에 합류한 시기는 코로나 팬데믹 을 앞둔 년 월이었다 영입 당시에는 글로벌 운영책임자 로 북미 중남미 등 미주지역을 총괄하는 역할을 맡았다 하지만 자동차 업계는 코로나 여파로 ,0
584, 기고 최근 온라인 플랫폼 규제의 흐름에 대하여,1,디지털 기술의 발달 스마트폰 보급 확산 코로나 팬데믹 등을 통해 온라인 플랫폼 시장은 급속도로 성장하였고 그 규모는 오프라인 시장에 비견하는 수준이다 쇼핑 검색 엔터테인먼트 중고거래 등 특정 분야에 ,0
585,독일 경기 전망 또다시 암울 ,0,현황지수는 월의 에서 로 내렸으며 코로나 사태였던 년 월 이래의 낮은 수준이 되었다 로이터가 정리한 시장 예상은 마이너스 였다 독일 하우크 아우프호이저 람페 은행의 한 수석 이코노미스트는 ,0
586,백신 음모론자 케네디 주니어 보건장관 지명에 전 세계 백신주 급락,1,트럼프 당선자 스스로도 년 코로나 팬데믹 초기 표백제 클로락스를 적당량 섭취하거나 햇볕을 많이 쬐면 코로나 예방 효과가 있지 않겠느냐며 보건부 등 관계 장국이 이에 관해 연구해야 한다는 등의 ,0
587, 집값 오른다는데 사실인가요 트럼프 시대 부동산 전망은 이송렬의 ,0,이어 신종 코로나 바이러스 감염증 코로나 이 확산했던 년 이후와 같이 제로 금리 수준으로 낮아지긴 어렵겠지만 금리 인하 기조가 계속될 것 이라면서 금리 인하로 인해 늘어난 통화량은 국내 부동산 시장에 ,0
588,윤석열 후보 뒤 명태균 함께한 영상 나왔다,1, 코로나 가 한창이던 때라 마스크를 쓴 윤석열 후보가 경남 김해를 찾았습니다 윤석열 윤석열 지지자들과 악수하는 윤 후보 뒤에 보이는 반팔 차림의 남성 바로 명태균 씨입니다 경호원 바로 뒤 가까운 거리에서 윤 ,0
589, 주한미군 이상 없나 트럼프 기 미국을 읽는 내재적 접근법 ,0, 년 월 유력 정당이 총선 공약으로 제시한 국민 인당 만 원의 민생 회복 지원금은 조 원이었고 년 정부가 뿌린 코로나 재난 지원금은 조 원이었다 조 원이면 주한미군 방위비 분담금 년 치를 웃도는 ,0
590,농촌체험마을 정부 지원 뚝 앞길 막막,1, 코로나 확산이 끼친 충격이 아직 가시지도 않았는데 정부 지원은 갈수록 줄어드니 농촌체험마을의 코로나 이후 체험객 감소로 어려움을 겪고 있는데 인건비 부담까지 늘어난다면 체험마을 유지가 어려울 수도 ,0
591, 시간씩 일하고 월 만원 벌어요 부업으로 대박 난 비결 방준식의 ,1,몇 년 전까지만 해도 수준이었는데 코로나 를 기점으로 전자책 수요가 거의 배 정도 늘었어요 사람들이 집에 머무는 시간이 많아지면서 자연스럽게 전자책을 찾게 된 것 같아요 최근 들어 장르물이 ,0
592,이천오층석탑 반환 협상 재개 긍정적 전망 확인 ,0,일제강점기 불법 반출된 고려시대 불교 문화재 이천오층석탑 반환 협상이 코로나 사태로 잠정 연기된 이후 본격적으로 재개됐습니다 이천오층석탑환수위원회는 지난 일 일본 도쿄 소재 오쿠라문화재단과의 협상에서 ,0
593,유가안정 무비자 동계 여행 폭발 항공업계 분기 실적 날았다 ,1,항공포털에 따르면 올 분기 기준 중국 노선 여객 수는 약 만명으로 코로나 팬데믹 전인 년 만명 의 수준에 불과하다 같은 기간 일본 미국 유럽 여객이 를 넘는 회복률을 기록한 ,0
594, 온다 억 규모 시리즈 투자 유치해 호스피탈리 ,0,이에 따라 신종 코로나 바이러스 감염증 코로나 팬데믹 대유행 이후 호텔관광 산업의 디지털 전환 을 돕는 호스피탈리티 스타트업이 두각을 나타내고 있다 온다는 호텔 및 숙박업체가 좀 더 쉽게 숙소를 ,0
595, 중국 무비자 관광 업계 들썩 예약 급증 ,0, 코로나 여파로 침체됐던 업계가 활기를 되찾을지 주목됩니다 홍진아 기자가 취재했습니다 리포트 중국 베이징과 톈진행 비행기 탑승 수속장에 긴 줄이 만들어졌습니다 중국 무비자 입국이 허용됐다는 소식에 중국 ,0
596, 마감 미국 뉴욕증시 트럼프 불확실성에 반도체 바이오 빅테크 급락,0, 코로나 백신 제조사 모더나 주가는 이상 화이자는 이상 아스트라제네카는 이상 밀렸다 대형 제약사 일라이릴리 주가는 떨어지며 마감했다 트럼프 정권 인수팀이 바이든 행정부의 전기차 보조금 ,0
597,팬데믹에 떨던 영화들 겨울 극장가에 쏟아진다,0, 코로나 대유행 이후 묵혀있던 영화들이 월 잇따라 개봉된다 코미디 오컬트 역사물 등 장르가 코로나 대유행으로 극장가가 얼어붙으며 투자가 위축된 여파다 이로 인해 지난 년간 대형 투자배급사의 신규 ,0
598,백신 회의론자를 보건부 장관으로 시작된 트럼프 리스크 뉴욕마감 ,0, 코로나 백신을 개발한 모더나와 화이자 주가는 각각 와 이상 하락했다 화이자를 도와 백신을 개발한 바이오텍도 가까이 떨어졌고 는 약 하락했다 비만치료제를 만드는 일라이 릴리와 노보 노디스크도 ,0
599, 심 선고까지 년 개월 이르면 내년 상반기 확정,1,지난해 월 일간의 단식과 국정감사 코로나 감염 등으로 재판은 연기를 반복했습니다 공직선거법은 심 판결은 개월 심과 심은 각 개월 안에 선고하도록 법으로 규정하고 있지만 지켜지지 않은 겁니다 조희대 ,0
600,패스트푸드 서브웨이 일본서 부활 선언 이런 방법 있었네 ,1, 코로나 쇼크로 인한 타격도 영향을 미쳤다고 본다 서브웨이가 일본에서 영역을 확대하지 못한 배경에는 다양한 원인이 존재한다 먼저 일본의 식문화 자체가 정갈하고 신선하며 담백하다 이는 다른 패스트푸드와 ,0
601,사노피 듀피젠트 미국에서 적응증 추가 재도전,0,위약군 대비 듀피젠트 투여군에서 더 흔하게 관찰된 부작용은 주사부위반응 코로나 감염이었다 듀피젠트는 일본과 아랍에미리트에서는 이미 만성 자발성 두드러기 치료제로 허가를 획득했다 유럽연합에서는 ,0
602, 기고 새로운 지리 과목 기후변화 와 도시의 미래 에 거는 기대,1,교육 과정 개정 준비 시기에 진행된 포스트 코로나 대비 미래 지향적 사회 교과군 교육 과정 구성 방안 연구 의 설문 결과를 보면 지리 교사들의 지향을 확인할 수 있다 미래 사회를 대비하기 위해 통합 사회에서 ,0
603, 비트코인 대박 아파트 산다 만 찍은 비트코인 김 차장 꿈 ,0,그 결과 코로나 시기 주식 급등기와 년 비트코인 가격 급등기처럼 특정 자산이 급격히 오를 때는 부동산 시장에도 유의미한 변화가 생겼다 특히 전국 아파트 매매시장 중 강남구 개 동의 아파트 가격 변동성에 ,0
604, 오늘의 주요일정 사회 월 일 토요일 ,1, 시 코로나 진상규명시민연대 태평로 가 시청역 번출구 앞 인도 코로나 백신 진상규명 촉구 오후 시 신참정연 용산동 가 전쟁기념관 앞 인도 삼각지로터리 총선 부정선거 수사 촉구 오후 시 ,0
605,잘 키운 플랫폼 기술 수십조 수익 가치 충분,1,플랫폼 기술의 표준모델은 코로나 팬데믹 당시 이름을 알린 모더나가 대표적이다 년 설립된 모더나는 플랫폼을 토대로 항암 백신 등을 개발하는 바이오텍이다 이후 코로나 팬데믹을 맞아 백신을 ,0
606, 이노엔 타미플루 국내 유통 로슈 새 파트너로 부각,0, 코로나 유행이 한창인 년과 년에는 부진을 겪었으나 작년부터 독감 유행이 늘면서 매출도 크게 제약업계 관계자는 이노엔은 최근 화이자의 신규 코로나 백신을 공급하는 등 국내 호흡기 바이러스 약품 ,0
607, 뉴요커 사로 잡은 이 요리 반려동물로 키우는데 어떻게 먹지 ,1, 연합뉴스 지난 일 현지시간 뉴욕포스트에 따르면 미국 퀸즈 코로나 지역의 라 카사 델 쿠이 미국 퀸즈 코로나 지역의 라 카사 델 쿠이 식당이 기니피그 요리로 주목받고 있다 ,0
608, 중국인 중국인 하더니 이 정도 한 번 오면 수천만원 긁던 요우커 ,0, 년부터 년간 코로나 피해업종으로 인정돼 적용됐던 보세판매장 특허수수료 감경 혜택이 올해 치 수수료까지 연장 적용될지도 노심초사하는 분위기다 특허수수료는 매출액에 따라 수준 대기업 기준 을 ,0
